SL_No,Ref#,Standard#,Head_Level,H1#,H1_Ch_Title,H1_Credits,H2#,H2_Sec_Title,H2_Credits,H3#,H3_Sec_Title,H3_Credits,Item#,Standard_Text,Prerequisite,Goals,Phases,Points,Instruction Subpart,Instruction,FigA_No,FigA_Caption,FigA_AltTag,FigA_Status,FigB_No,FigB_Caption,FigB_AltTag,FigB_Status,FigC_No,FigC_Caption,FigC_AltTag,FigC_Status,FigD_No,FigD_Caption,FigD_AltTag,FigD_Status
1,782,1.1.1,H2,1,Design Process,4,1,Project Development Team,2,0,,0,1,Project development team selects a universal design development coordinator responsible for managing the design process and preparing the necessary materials to support certification.,,,Initiate,1,1,2 Credits: Implement 5 of 6      |      1 Credit: Implement 3 of 6,,,,,,,,,,,,,,,,
2,4,1.1.2,H2,1,Design Process,4,1,Project Development Team,2,0,,0,2,"Project development team includes diverse stakeholders (e.g., employees of different job titles, gender, various age groups, people with disabilities, potential visitors, representatives from client organization, representatives from design team, etc.).",,Social IntegrationCultural Appropriateness,InitiateSchematic DesignDesign Development,1,1,2 Credits: Implement 5 of 6      |      1 Credit: Implement 3 of 6,,,,,,,,,,,,,,,,
3,13,1.1.3,H2,1,Design Process,4,1,Project Development Team,2,0,,0,3,Project development team consults with universal design specialists.,,,InitiateSchematic DesignDesign DevelopmentSpecificationsOperations,1,1,2 Credits: Implement 5 of 6      |      1 Credit: Implement 3 of 6,,,,,,,,,,,,,,,,
4,17,1.1.4,H2,1,Design Process,4,1,Project Development Team,2,0,,0,4,"Project development team conducts research with future facility users to identify and prioritize issues (e.g., confidential survey, design workshop, focus group, open meeting, etc.).",,Social IntegrationCultural Appropriateness,InitiateSchematic Design,1,1,2 Credits: Implement 5 of 6      |      1 Credit: Implement 3 of 6,,,,,,,,,,,,,,,,
5,15,1.1.5,H2,1,Design Process,4,1,Project Development Team,2,0,,0,5,"Project development team conducts research on best practices in universal design, with particular attention to examples that demonstrate integration with other human centered design goals (e.g., sustainability, active living, environmental health, etc.).",,Social IntegrationCultural Appropriateness,Initiate,1,1,2 Credits: Implement 5 of 6      |      1 Credit: Implement 3 of 6,,,,,,,,,,,,,,,,
6,24,1.1.6,H2,1,Design Process,4,1,Project Development Team,2,0,,0,6,Project development team develops marketing strategy to educate facility users on universal design.,,,InitiateOperations,1,1,2 Credits: Implement 5 of 6      |      1 Credit: Implement 3 of 6,,,,,,,,,,,,,,,,
7,790,1.2.1,H2,1,Design Process,4,2,Universal Design Education,2,0,,0,1,"Workshops with project development team occur during more than one phase of design and/or construction (e.g., initiate, schematic design, design development, construction documents, etc.).",,,InitiateSchematic DesignDesign DevelopmentSpecificationsOperations,1,2,2 Credits: Implement 2 of 3,,,,,,,,,,,,,,,,
8,786,1.2.2,H2,1,Design Process,4,2,Universal Design Education,2,0,,0,2,Expert in the field develops a universal design training program for designers and key stakeholders.,,,Initiate,1,2,2 Credits: Implement 2 of 3,,,,,,,,,,,,,,,,
9,788,1.2.3,H2,1,Design Process,4,2,Universal Design Education,2,0,,0,3,Designers and key stakeholders have access to universal design education materials.,,,InitiateSchematic DesignDesign DevelopmentSpecificationsOperations,1,2,2 Credits: Implement 2 of 3,,,,,,,,,,,,,,,,
10,933,2.1.1,H2,2,Space Clearances,7,1,Clear Floor Space,2,0,,0,1,Clear floor spaces are at least 34 inches (865 mm) wide and 56 inches (1420 mm) deep.,,Body Fit,Schematic DesignDesign DevelopmentSpecifications,1,1,2 Credits: Implement 2 of 2      |      1 Credit: Implement 1 of 2,Fig_820_933.png,Minimum clear floor space dimensions,Plan view drawing of a woman in a wheeled mobility device with clear floor space with a chart indicating two dimension options: To satisfy 2 solutions: 34 inches wide (865 millimeters) and 56 inches d,Latest Version,,,,,,,,,,,,
11,820,2.1.2,H2,2,Space Clearances,7,1,Clear Floor Space,2,0,,0,2,Clear floor spaces are at least 32 inches (815 mm) wide and 54 inches (1370 mm) deep.,,Body Fit,Schematic DesignDesign DevelopmentSpecifications,1,1,2 Credits: Implement 2 of 2      |      1 Credit: Implement 1 of 2,Fig_820_933.png,Minimum clear floor space dimensions,Plan view drawing of a woman in a wheeled mobility device with clear floor space with a chart indicating two dimension options: To satisfy 2 solutions: 34 inches wide (865 millimeters) and 56 inches d,Latest Version,,,,,,,,,,,,
12,821,2.2.1,H2,2,Space Clearances,7,2,Turning Space,2,0,,0,1,Turning spaces for 90-degree turns are at least 43 inches (1090 mm) wide entering and exiting the turn.,,Body Fit,Schematic DesignDesign DevelopmentSpecifications,1,2,2 Credits: Implement 5 of 7      |      1 Credit: Implement 3 of 7,Fig_821_937_938.png,Minimum width of 90-degree turn,"Drawing of an L shaped corridor with a wheeled mobility device user passing through the space. The corridor width is given at both ends of the turn, identified as width A and width B. A chart indicate",Latest Version,,,,,,,,,,,,
13,937,2.2.2,H2,2,Space Clearances,7,2,Turning Space,2,0,,0,2,Turning spaces for 90-degree turns are at least 39 inches (990 mm) wide entering and exiting the turn.,,Body Fit,Schematic DesignDesign DevelopmentSpecifications,1,2,2 Credits: Implement 5 of 7      |      1 Credit: Implement 3 of 7,Fig_821_937_938.png,Minimum width of 90-degree turn,"Drawing of an L shaped corridor with a wheeled mobility device user passing through the space. The corridor width is given at both ends of the turn, identified as width A and width B. A chart indicate",Latest Version,,,,,,,,,,,,
14,938,2.2.3,H2,2,Space Clearances,7,2,Turning Space,2,0,,0,3,"Turning spaces for 90-degree turns have different widths entering and exiting the turn, such that neither is less than 36 inches (915 mm) and the sum of the width entering and exiting is 78 inches (1980 mm).",,Body Fit,Schematic DesignDesign DevelopmentSpecifications,1,2,2 Credits: Implement 5 of 7      |      1 Credit: Implement 3 of 7,Fig_821_937_938.png,Minimum width of 90-degree turn,"Drawing of an L shaped corridor with a wheeled mobility device user passing through the space. The corridor width is given at both ends of the turn, identified as width A and width B. A chart indicate",Latest Version,,,,,,,,,,,,
15,939,2.2.4,H2,2,Space Clearances,7,2,Turning Space,2,0,,0,4,Turning spaces for 180-degree turns are at least 72 inches (1830 mm) in diameter.,,Body Fit,Schematic DesignDesign DevelopmentSpecifications,1,2,2 Credits: Implement 5 of 7      |      1 Credit: Implement 3 of 7,Fig_939_940.png,Minimum diameter for 180-degree turn,"Drawing depicting a person using a wheeled mobility device  enclosed by walls on three sides. A circle is drawn within the walls. The circle is dimensioned with two options: To satisfy 2 solutions, th",Latest Version,,,,,,,,,,,,
16,940,2.2.5,H2,2,Space Clearances,7,2,Turning Space,2,0,,0,5,Turning spaces for 180-degree turns are at least 67 inches (1700 mm) in diameter.,,Body Fit,Schematic DesignDesign DevelopmentSpecifications,1,2,2 Credits: Implement 5 of 7      |      1 Credit: Implement 3 of 7,Fig_939_940.png,Minimum diameter for 180-degree turn,"Drawing depicting a person using a wheeled mobility device  enclosed by walls on three sides. A circle is drawn within the walls. The circle is dimensioned with two options: To satisfy 2 solutions, th",Latest Version,,,,,,,,,,,,
17,941,2.2.6,H2,2,Space Clearances,7,2,Turning Space,2,0,,0,6,"Turning spaces for selected 180-degree turns utilize a T-shaped turning space, with the two arms of the T at least 16 inches (410 mm) long at a width of at least 40 inches (1020 mm), and the leg of the T at least 24 inches (610 mm) long at a width of at least 40 inches (1020 mm).",,Body Fit,Schematic DesignDesign DevelopmentSpecificationsInitiate,1,2,2 Credits: Implement 5 of 7      |      1 Credit: Implement 3 of 7,Fig_941.png,T-shaped turning space,"Plan view drawing of a person using a wheeled mobility device maneuvering in a T shaped space. The T is dimensioned such that the cross bar at the top of the T is 72 inches (1,830 millimeters) minimum",Latest Version,,,,,,,,,,,,
18,942,2.2.7,H2,2,Space Clearances,7,2,Turning Space,2,0,,0,7,"Turning spaces for 360-degree turns are provided in selected areas (e.g., selected work stations, sleeping rooms, etc.) that are at least 94 inches (2390 mm) in diameter.",,Body Fit,Schematic DesignDesign DevelopmentSpecifications,1,2,2 Credits: Implement 5 of 7      |      1 Credit: Implement 3 of 7,Fig_942.png,Turning space for 360-degree turns,Plan view drawing of an office  with U shaped work space. A person using a wheeled mobility device is depicted in the work station maneuvering throughout the space. A circle is drawn within the work s,Latest Version,,,,,,,,,,,,
19,822,2.3.1,H2,2,Space Clearances,7,3,Knee and Toe Clearance,1,0,,0,1,"Knee clearance height is at least 29 inches (740 mm), at selected features and elements (e.g., work stations, tables, drinking fountains, lavatories, etc.).",,Body Fit,Design DevelopmentSpecifications,1,3,1 Credit: Implement 4 of 6,Fig_822_943_944_946_947_948.png,Minimum knee clearance height,"Drawing of side profile of a person using a wheeled mobility device. The person is using an element with a flat work surface on top and knee and toe clearance underneath, drawn to represent the minimu",Latest Version,,,,,,,,,,,,
20,943,2.3.2,H2,2,Space Clearances,7,3,Knee and Toe Clearance,1,0,,0,2,"Knee clearance depth is at least 11 inches (280 mm), as measured at the top of the knee clearance.",,Body Fit,Design DevelopmentSpecifications,1,3,1 Credit: Implement 4 of 6,Fig_822_943_944_946_947_948.png,"Minimum knee clearance depth, measured at top of knee clearance","Drawing of side profile of a person using a wheeled mobility device. The person is using an element with a flat work surface on top and knee and toe clearance underneath, drawn to represent the minimu",Latest Version,,,,,,,,,,,,
21,944,2.3.3,H2,2,Space Clearances,7,3,Knee and Toe Clearance,1,0,,0,3,"Knee clearance depth is at least 13 inches (330 mm), as measured at the top of the toe clearance.",,Body Fit,Design DevelopmentSpecifications,1,3,1 Credit: Implement 4 of 6,Fig_822_943_944_946_947_948.png,"Minimum knee clearance depth, measured at top of toe clearance","Drawing of side profile of a person using a wheeled mobility device. The person is using an element with a flat work surface on top and knee and toe clearance underneath, drawn to represent the minimu",Latest Version,,,,,,,,,,,,
22,946,2.3.4,H2,2,Space Clearances,7,3,Knee and Toe Clearance,1,0,,0,4,Toe clearance height is at least 13 inches (330 mm).,,Body Fit,Design DevelopmentSpecifications,1,3,1 Credit: Implement 4 of 6,Fig_822_943_944_946_947_948.png,Minimum toe clearance height,"Drawing of side profile of a person using a wheeled mobility device. The person is using an element with a flat work surface on top and knee and toe clearance underneath, drawn to represent the minimu",Latest Version,,,,,,,,,,,,
23,947,2.3.5,H2,2,Space Clearances,7,3,Knee and Toe Clearance,1,0,,0,5,Toe clearance height is at least 11 inches (280 mm).,,Body Fit,Design DevelopmentSpecifications,1,3,1 Credit: Implement 4 of 6,Fig_822_943_944_946_947_948.png,Minimum toe clearance height,"Drawing of side profile of a person using a wheeled mobility device. The person is using an element with a flat work surface on top and knee and toe clearance underneath, drawn to represent the minimu",Latest Version,,,,,,,,,,,,
24,948,2.3.6,H2,2,Space Clearances,7,3,Knee and Toe Clearance,1,0,,0,6,"The maximum toe clearance depth counted as part of a clear floor space is 4 inches (100 mm) beyond the knee clearance depth, as measured at the top of the toe clearance.",,Body Fit,Design DevelopmentSpecifications,1,3,1 Credit: Implement 4 of 6,Fig_822_943_944_946_947_948.png,Maximum toe clearance depth counted toward clear floor space,"Drawing of side profile of a person using a wheeled mobility device. The person is using an element with a flat work surface on top and knee and toe clearance underneath, drawn to represent the minimu",Latest Version,,,,,,,,,,,,
25,644,2.4.1,H2,2,Space Clearances,7,4,Reach Targets,2,0,,0,1,"Reach targets are not under or behind built elements or furniture, except where an equivalent target is located above the built element or furniture (e.g. if an electrical outlet is located under the desk, one is also located above).",,Body FitComfort,Specifications,1,4,2 Credits: Implement 6 of 8      |      1 Credit: Implement 5 of 8,Fig_644.png,Reach target barriers,"Drawing of a seated person at a desk with a reach target under the desk, with a green marker above the desk indicating acceptable location and red marker under the desk indicating unacceptable locatio",Latest Version,,,,,,,,,,,,
26,951,2.4.2,H2,2,Space Clearances,7,4,Reach Targets,2,0,,0,2,"Where knee or toe clearance is not provided, all reach targets have a clear floor space positioned for side approach.",,Body Fit,Schematic DesignDesign DevelopmentSpecifications,1,4,2 Credits: Implement 6 of 8      |      1 Credit: Implement 5 of 8,Fig_951.png,Side approach to reach target,"Drawing of a person using a wheeled mobility device reaching a target to the side of the wheelchair, where there is no knee or toe clearance under the target.",Latest Version,,,,,,,,,,,,
27,952,2.4.3,H2,2,Space Clearances,7,4,Reach Targets,2,0,,0,3,"Where only a forward approach to a reach target is available, the reach target overlaps the clear floor space by at least 4 inches (100 mm) (i.e., knee and/or toe clearance brings reach target closer to the user).",,Body Fit,Schematic DesignDesign DevelopmentSpecifications,1,4,2 Credits: Implement 6 of 8      |      1 Credit: Implement 5 of 8,Fig_952.png,Forward reach overlap,"Drawing of side profile of person using a wheeled mobility device, reaching forward to a target on a wall in front. The target is 4 inches ( 100 millimeters) closer to the wheelchair user due to  toe ",Latest Version,,,,,,,,,,,,
28,955,2.4.4,H2,2,Space Clearances,7,4,Reach Targets,2,0,,0,4,All reach targets are located at least 12 inches (305 mm) from a corner.,,Body Fit,Design DevelopmentSpecifications,1,4,2 Credits: Implement 6 of 8      |      1 Credit: Implement 5 of 8,Fig_955.png,Reach targets in corners,Drawing of person using a wheeled mobility device reaching a target at least 12 inches (305 millimeters) from a corner.,Latest Version,,,,,,,,,,,,
29,953,2.4.5,H2,2,Space Clearances,7,4,Reach Targets,2,0,,0,5,Selected reach targets have overlapping clear floor spaces allowing right and left shoulder alignment for side and/or forward reach.,,Body Fit,Schematic DesignDesign DevelopmentSpecifications,1,4,2 Credits: Implement 6 of 8      |      1 Credit: Implement 5 of 8,Fig_953.png,Clear floor space for side and forward reach for both right- and left-handed people,"Plan view drawing of a wall with a reach target. A T shape space is against the wall with the reach target centered at the top of the T. The length of the horizontal portion is 84 inches minimum (2,13",Latest Version,,,,,,,,,,,,
30,954,2.4.6,H2,2,Space Clearances,7,4,Reach Targets,2,0,,0,6,"Where a clear floor space for side approach is positioned less than 10 inches (255 mm) away from a reach target, the reach target is located 24-48 inches (710-1120 mm) above the finished floor.",,Body Fit,Schematic DesignDesign DevelopmentSpecifications,1,4,2 Credits: Implement 6 of 8      |      1 Credit: Implement 5 of 8,Fig_949_950_954.png,Side approach reach target height range,Drawing of a person using a wheeled mobility device reaching a target from a side approach. It shows that reach targets with a clear floor space for side approach positioned less than 10 inches (255 m,Latest Version,,,,,,,,,,,,
31,949,2.4.7,H2,2,Space Clearances,7,4,Reach Targets,2,0,,0,7,"Where a clear floor space for side approach is positioned 10 inches (255 mm) or more from a reach target, the reach target is located 28-44 inches (710-1120 mm) above the finished floor.",,Body Fit,Schematic DesignDesign DevelopmentSpecifications,1,4,2 Credits: Implement 6 of 8      |      1 Credit: Implement 5 of 8,Fig_949_950_954.png,Side approach reach target height range,Drawing of a person using a wheeled mobility device reaching a target from a side approach. It shows that reach targets with a clear floor space for side approach positioned 10 to 20 inches (255 to 51,Latest Version,,,,,,,,,,,,
32,950,2.4.8,H2,2,Space Clearances,7,4,Reach Targets,2,0,,0,8,Selected reach targets have a clear floor space for side approach positioned 20 inches (510 mm) or less from the reach target.,,Body Fit,Schematic DesignDesign DevelopmentSpecifications,1,4,2 Credits: Implement 6 of 8      |      1 Credit: Implement 5 of 8,Fig_949_950_954.png,Maximum side approach reach target distance from clear floor space,Drawing of a person using a wheeled mobility device reaching a target from a side approach. It depicts a reach target 20 inches (510 millimeters) or less from the clear floor space.,Latest Version,,,,,,,,,,,,
33,189,3.1.1,H2,3,Circulation,15,1,Wayfinding,2,0,,0,1,"Circulation spaces adhere to conventional organizational concepts (e.g., linear, radial, grid, axial, central atrium, etc.).",,AwarenessUnderstandingCultural Appropriateness,Schematic Design,1,1,2 Credits: Implement 5 of 9      |      1 Credit: Implement 3 of 9,Fig_189A.png,Central atrium,Photograph of a building with a central atrium and a continuous ramp circulation system along the perimeter.,Latest Version,Fig_189B.png,Conventional organizational concepts,"5 plan diagrams of building organizational concepts including a linear double-loaded corridor, a radial pinwheel double-loaded corridor, a grid, an axial mix of single and double-loaded corridors, and",Latest Version,,,,,,,,
34,198,3.1.2,H2,3,Circulation,15,1,Wayfinding,2,0,,0,2,"Most floors have similar floor plans with similar locations for toilet rooms, drinking water fountains, elevator lobbies, and emergency exits.",,Understanding,Schematic DesignDesign Development,1,1,2 Credits: Implement 5 of 9      |      1 Credit: Implement 3 of 9,Fig_198.png,Floor plan layouts,Drawing of two floor plans with similar layouts.,Latest Version,,,,,,,,,,,,
35,187,3.1.3,H2,3,Circulation,15,1,Wayfinding,2,0,,0,3,Wayfinding system provides access to areas of primary function without passing through intervening spaces or unnecessary travel to remote areas.,,ComfortAwarenessUnderstanding,Schematic DesignDesign Development,1,1,2 Credits: Implement 5 of 9      |      1 Credit: Implement 3 of 9,Fig_187.png,Circulation routes,"Plan drawings depicting two circulation routes. One, marked with a red X, depicts a route that passes through three rooms and a hallway to access to a room immediately adjacent to the entrance. The ot",Latest Version,,,,,,,,,,,,
36,212,3.1.4,H2,3,Circulation,15,1,Wayfinding,2,0,,0,4,"Wayfinding system differentiates primary routes, zones, or nodes using variations in flooring, lighting, color, ceiling height, and/or other architectural features.",,AwarenessUnderstandingCultural Appropriateness,Specifications,1,1,2 Credits: Implement 5 of 9      |      1 Credit: Implement 3 of 9,,,,,,,,,,,,,,,,
37,207,3.1.5,H2,3,Circulation,15,1,Wayfinding,2,0,,0,5,Wayfinding system assists in orientation and navigation by providing views to the outside along all primary routes.,,Understanding,Schematic DesignDesign Development,1,1,2 Credits: Implement 5 of 9      |      1 Credit: Implement 3 of 9,,,,,,,,,,,,,,,,
38,195,3.1.6,H2,3,Circulation,15,1,Wayfinding,2,0,,0,6,"Wayfinding system uses a consistent graphic strategy to identify and differentiate routes, rooms, and spaces.",,AwarenessUnderstanding,Specifications,1,1,2 Credits: Implement 5 of 9      |      1 Credit: Implement 3 of 9,,,,,,,,,,,,,,,,
39,202,3.1.7,H2,3,Circulation,15,1,Wayfinding,2,0,,0,7,Wayfinding system includes selected primary routes with tactile guide strips that have a different color and texture than the surrounding floor and detectable warnings.,,AwarenessUnderstanding,Specifications,1,1,2 Credits: Implement 5 of 9      |      1 Credit: Implement 3 of 9,Fig_202.png,Tactile guide strips,Photograph of tactile guide strips on a floor directing people to an information desk.,Latest Version,,,,,,,,,,,,
40,194,3.1.8,H2,3,Circulation,15,1,Wayfinding,2,0,,0,8,"Wayfinding system includes visual and tactile and/or audible directional signs, maps, or models at all primary entrances, the primary access point to each floor, and all corridor intersections.",,AwarenessUnderstanding,Schematic DesignOperations,1,1,2 Credits: Implement 5 of 9      |      1 Credit: Implement 3 of 9,Fig_194A_530.png,"Backlit multisensory interactive map that provides tactile map, audible, and visual information.",Photograph of a backlit multisensory interactive tactile map.,Latest Version,Fig_194B.png,"Multisensory interactive map that provides tactile map, audible, and visual information projected from above",Photograph of a multisensory interactive tactile map with visual information projected from above.,Latest Version,Fig_194C.png,"Multisensory interactive map that provides tactile map, audible, and visual information projected from above",Photograph of a multisensory interactive tactile map with visual information projected from above.,Latest Version,,,,
41,190,3.1.9,H2,3,Circulation,15,1,Wayfinding,2,0,,0,9,Wayfinding system includes systematic numbering of rooms.,,AwarenessUnderstanding,Specifications,1,1,2 Credits: Implement 5 of 9      |      1 Credit: Implement 3 of 9,Fig_190B.png,"Systematic numbering of rooms. Notice the rooms are numbered such that odd numbers are on one side of the hallway and even numbers are on the other. Based on the doorway locations, the numbering alway",Drawing of a building floor plan indicating room numbers and door position. See text accompanying drawing for detailed explanation of numbering system.,Latest Version,,,,,,,,,,,,
42,752,3.2.1,H2,3,Circulation,15,2,Signs,1,0,,0,1,All permanent directional and informational signs are readable from the expected viewing distance and not obstructed by objects.,,Awareness,SpecificationsOperations,1,2,1 Credit: Implement 5 of 11,Fig_752.png,Airport signs,Photograph of signs at an airport that are clearly readable from expected viewing distances.,Latest Version,,,,,,,,,,,,
43,520,3.2.2,H2,3,Circulation,15,2,Signs,1,0,,0,2,All permanent signs do not produce direct glare and are protected from reflected glare.,,Awareness,SpecificationsOperations,1,2,1 Credit: Implement 5 of 11,Fig_520.png,"On the left (© Kerun Ip) are directional signs printed on a wall that does not cast glare. On the right, the building maps are behind a reflective glass, causing glare.","Two photographs of signs and maps. One is printed on a wall that does not cast glare. The other is behind a reflective glass, causing glare.",Latest Version,,,,,,,,,,,,
44,193,3.2.3,H2,3,Circulation,15,2,Signs,1,0,,0,3,All permanent directional and informational signs provide all information in visual and tactile and/or audible format (e.g. Braille on room number signs includes room purpose in addition to room numbers).,,Awareness,SpecificationsOperations,1,2,1 Credit: Implement 5 of 11,Fig_193.png,Example room designation sign,"Drawing depicting a room designation sign. The sign contains room number 2 2 3 as well as purpose, ""lecture hall."" It has a sign reading ""occupied,"" with an arrow indicating it can be covered when uno",Latest Version,,,,,,,,,,,,
45,525,3.2.4,H2,3,Circulation,15,2,Signs,1,0,,0,4,All signs with an audio component have a headphone jack and volume control.,,AwarenessPersonalization,SpecificationsOperations,1,2,1 Credit: Implement 5 of 11,,,,,,,,,,,,,,,,
46,196,3.2.5,H2,3,Circulation,15,2,Signs,1,0,,0,5,Selected directional and informational signs use pictograms and/or more than one language.,,AwarenessCultural Appropriateness,SpecificationsOperations,1,2,1 Credit: Implement 5 of 11,,,,,,,,,,,,,,,,
47,192,3.2.6,H2,3,Circulation,15,2,Signs,1,0,,0,6,"Provide a directory that lists building users and room numbers under an organizational heading (e.g., company, department, specialty, etc.).",,Awareness-,SpecificationsOperations,1,2,1 Credit: Implement 5 of 11,Fig_192.png,Example building directory,"Drawing of a building directory. The directory lists organization, department, and office at the top, followed by a list of names, each with a title and room number, as well as an arrow indicating the",Latest Version,,,,,,,,,,,,
48,210,3.2.7,H2,3,Circulation,15,2,Signs,1,0,,0,7,"Where permanent directional and informational signs are provided at intersecting routes, they are perpendicular to each direction of approach.",,Awareness,SpecificationsOperations,1,2,1 Credit: Implement 5 of 11,Fig_210.png,Signs at intersecting routes,"Section and plan view drawings depicting a T intersection of routes. The plan has arrows pointing toward the intersection. From the base of the T, a sign is indicated on the wall. From the arms of the",Latest Version,,,,,,,,,,,,
49,211,3.2.8,H2,3,Circulation,15,2,Signs,1,0,,0,8,"All intersecting routes have permanent directional signs (e.g., arrows guiding to range of room numbers, organizational headings, areas of primary function, etc.).",,AwarenessUnderstanding,SpecificationsOperations,1,2,1 Credit: Implement 5 of 11,,,,,,,,,,,,,,,,
50,49,3.2.9,H2,3,Circulation,15,2,Signs,1,0,,0,9,"Selected signs link to additional online resources (e.g., QR Code).",,Understanding,Operations,1,2,1 Credit: Implement 5 of 11,,,,,,,,,,,,,,,,
51,208,3.2.10,H2,3,Circulation,15,2,Signs,1,0,,0,10,"Smart signs are provided on the premises (e.g., signs with radio frequency identifiers, near field communication, or other technology that allows communication with a personal computing device).",,AwarenessUnderstanding,SpecificationsOperations,1,2,1 Credit: Implement 5 of 11,,,,,,,,,,,,,,,,
52,530,3.2.11,H2,3,Circulation,15,2,Signs,1,0,,0,11,"All permanent directional or informational signs that are located in dark areas or outdoors are backlit, reflective, and/or directly illuminated.",,Awareness-,SpecificationsOperations,1,2,1 Credit: Implement 5 of 11,Fig_194A_530.png,Backlit tactile map,Photograph of a dark room with a multisensory interactive tactile map that is backlit.,Latest Version,,,,,,,,,,,,
53,149,3.3.1,H2,3,Circulation,15,3,Circulation Spaces,1,0,,0,1,All primary routes are wide enough to allow an ambulatory person to pass a person using a wheeled mobility device.,Required,Body FitComfort,Schematic DesignDesign DevelopmentSpecifications,1,3,1 Credit: Implement 4 of 7,Fig_149.png,Primary route width,"Drawing of a route at least 48 inches (1,220 millimeters) wide with an ambulatory person passing a person using a wheeled mobility device.",Latest Version,,,,,,,,,,,,
54,958,3.3.2,H2,3,Circulation,15,3,Circulation Spaces,1,0,,0,2,"All circulation spaces are at least 6 inches (150 mm) wider than the clear floor space, except where they pass through doors.",,Body Fit,Schematic DesignDesign DevelopmentSpecifications,1,3,1 Credit: Implement 4 of 7,Fig_958.png,Circulation space width,Drawing of an individual in a wheeled mobility device in a circulation space depicted as 6 inches (150 millimeters) wider than the clear floor space.,Latest Version,,,,,,,,,,,,
55,150,3.3.3,H2,3,Circulation,15,3,Circulation Spaces,1,0,,0,3,"All stairs and escalators along primary circulation routes have an adjacent ramp, elevator, or inclined moving walkway.",,Body FitComfortPersonalizationSocial Integration,Schematic DesignDesign Development,1,3,1 Credit: Implement 4 of 7,Fig_150.png,Stairway with adjacent elevator,Drawing of a stairway adjacent to two elevators.,Latest Version,,,,,,,,,,,,
56,628,3.3.4,H2,3,Circulation,15,3,Circulation Spaces,1,0,,0,4,All circulation spaces (including stairways and ramps) have smooth and slip resistant flooring.,,ComfortWellness,Specifications,1,3,1 Credit: Implement 4 of 7,,,,,,,,,,,,,,,,
57,636,3.3.5,H2,3,Circulation,15,3,Circulation Spaces,1,0,,0,5,"Where full-height glazing abuts circulation spaces, all glazing has a railing or other visual indicator to alert building users to its presence.",,AwarenessWellness,Specifications,1,3,1 Credit: Implement 4 of 7,,,,,,,,,,,,,,,,
58,629,3.3.6,H2,3,Circulation,15,3,Circulation Spaces,1,0,,0,6,All circulation spaces (including stairways and ramps) do not have floors or walls with visual patterns that distort perception.,,AwarenessWellness,Specifications,1,3,1 Credit: Implement 4 of 7,,,,,,,,,,,,,,,,
59,493,3.3.7,H2,3,Circulation,15,3,Circulation Spaces,1,0,,0,7,All intersections of primary routes have seating with an adjacent clear floor space.,,Comfort,Schematic DesignSpecifications,1,3,1 Credit: Implement 4 of 7,Fig_493A.png,Seating at intersection of primary routes,Photograph of a seating area in a building where two corridors intersect.,Latest Version,Fig_493B.png,Seating at intersection of primary routes,"Plan drawing depicting a four way intersection of hallways, with an adjacent open area with seating and tables.",Latest Version,,,,,,,,
60,135,3.4.1,H2,3,Circulation,15,4,Entrances and Exits,2,0,,0,1,"Architectural features distinguish all primary entrances and exits from other entrances and exits (e.g., prominent signs, graphics, architectural features, landmarks, etc.).",,AwarenessUnderstanding,Schematic DesignDesign DevelopmentSpecifications,1,4,2 Credits: Implement 5 of 11      |      1 Credit: Implement 4 of 11,,,,,,,,,,,,,,,,
61,141,3.4.2,H2,3,Circulation,15,4,Entrances and Exits,2,0,,0,2,Unique lighting treatments highlight all primary entrances and exits.,,AwarenessUnderstanding,Specifications,1,4,2 Credits: Implement 5 of 11      |      1 Credit: Implement 4 of 11,,,,,,,,,,,,,,,,
62,138,3.4.3,H2,3,Circulation,15,4,Entrances and Exits,2,0,,0,3,"All primary entrances and exits are visible along the primary approach route of motor vehicles, pedestrians, and bicyclists.",,AwarenessUnderstanding,Schematic Design,1,4,2 Credits: Implement 5 of 11      |      1 Credit: Implement 4 of 11,Fig_26B_68B_138.png,Entrance along primary pedestrian approach route,Photograph of a primary entrance at the terminus of the pedestrian pathway leading out of the parking area.,Latest Version,,,,,,,,,,,,
63,139,3.4.4,H2,3,Circulation,15,4,Entrances and Exits,2,0,,0,4,Primary entrances and exits are available on all sides of the building abutting visitor parking areas and public streets.,,AwarenessUnderstandingCultural Appropriateness,Schematic Design,1,4,2 Credits: Implement 5 of 11      |      1 Credit: Implement 4 of 11,Fig_139.png,"On the left, a primary entrance to a building is not visible from the parking area. On the right, two entrances are visible from the parking area with one visible from the street.",Drawing of two building entrances. One has a primary entrance not visible from the parking area. The other has two entrances visible from the parking area and one visible from the street. ,Latest Version,,,,,,,,,,,,
64,145,3.4.5,H2,3,Circulation,15,4,Entrances and Exits,2,0,,0,5,All primary entrances and exits are at grade with no raised threshold.,,Body FitSocial Integration,Schematic DesignDesign DevelopmentSpecifications,1,4,2 Credits: Implement 5 of 11      |      1 Credit: Implement 4 of 11,Fig_145.png,Primary entrances without steps or raised thresholds,Three photographs of primary entrances to buildings that do not have steps or raised thresholds.,Latest Version,,,,,,,,,,,,
65,748,3.4.6,H2,3,Circulation,15,4,Entrances and Exits,2,0,,0,6,"All entrances and exits are at grade with no raised threshold (including employee, service, and delivery entrances).",,Body FitSocial Integration,Schematic DesignDesign DevelopmentSpecifications,1,4,2 Credits: Implement 5 of 11      |      1 Credit: Implement 4 of 11,,,,,,,,,,,,,,,,
66,146,3.4.7,H2,3,Circulation,15,4,Entrances and Exits,2,0,,0,7,All entrances are part of an accessible means of emergency egress.,,Body FitWellness,Schematic DesignDesign DevelopmentSpecifications,1,4,2 Credits: Implement 5 of 11      |      1 Credit: Implement 4 of 11,,,,,,,,,,,,,,,,
67,144,3.4.8,H2,3,Circulation,15,4,Entrances and Exits,2,0,,0,8,"All primary entrances and exits have protection against the direction of prevailing wind (e.g., screen walls, vestibules, air curtains, etc.).",,ComfortWellness,Schematic DesignDesign DevelopmentSpecifications,1,4,2 Credits: Implement 5 of 11      |      1 Credit: Implement 4 of 11,Fig_144.png,Building with vestibule and wind screen,"Plan drawing of a building entrance with a vestibule. An arrow marks the prevailing wind direction, pointing toward a glass partition wall outside the building entrance, under a covered overhang.",Latest Version,,,,,,,,,,,,
68,147,3.4.9,H2,3,Circulation,15,4,Entrances and Exits,2,0,,0,9,"All entrances have protection against water infiltration (e.g., covered, sloped at 1:48 max., drainage, etc.).",,WellnessCultural Appropriateness,Schematic DesignDesign DevelopmentSpecifications,1,4,2 Credits: Implement 5 of 11      |      1 Credit: Implement 4 of 11,Fig_147.png,Covered entrance with minimal slope for drainage,Drawing of a man in a wheeled mobility device under an awning with the ground sloped at 1:48 maximum.,Latest Version,,,,,,,,,,,,
69,711,3.4.10,H2,3,Circulation,15,4,Entrances and Exits,2,0,,0,10,"All entrances have a means to  absorb, dry, or wick away water trafficked inside by building users.",,WellnessCultural Appropriateness,Specifications,1,4,2 Credits: Implement 5 of 11      |      1 Credit: Implement 4 of 11,,,,,,,,,,,,,,,,
70,712,3.4.11,H2,3,Circulation,15,4,Entrances and Exits,2,0,,0,11,All primary entrances for visitors have an adjacent secure coat/bag check area.,,Comfort,Schematic DesignDesign Development,1,4,2 Credits: Implement 5 of 11      |      1 Credit: Implement 4 of 11,Fig_712.png,Coat/bag check area,Plan drawing of a building entrance with a vestibule. Directly adjacent to the entrance is a coat/bag check counter and corresponding storage room.,Latest Version,,,,,,,,,,,,
71,640,3.5.1,H2,3,Circulation,15,5,Emergency Exits and Areas of Rescue Assistance,1,0,,0,1,An accessible emergency exit or area of rescue assistance is adjacent to every access point at every floor.,,Wellness,Schematic DesignDesign DevelopmentSpecifications,1,5,1 Credit: Implement 2 of 5,,,,,,,,,,,,,,,,
72,236,3.5.2,H2,3,Circulation,15,5,Emergency Exits and Areas of Rescue Assistance,1,0,,0,2,All emergency exits and areas of rescue assistance are identified by floor-level illumination that guides building users to their location.,,AwarenessWellness,Specifications,1,5,1 Credit: Implement 2 of 5,,,,,,,,,,,,,,,,
73,237,3.5.3,H2,3,Circulation,15,5,Emergency Exits and Areas of Rescue Assistance,1,0,,0,3,All emergency exits and areas of rescue assistance are identified by floor-level illuminated signs.,,AwarenessWellness,Specifications,1,5,1 Credit: Implement 2 of 5,,,,,,,,,,,,,,,,
74,238,3.5.4,H2,3,Circulation,15,5,Emergency Exits and Areas of Rescue Assistance,1,0,,0,4,All emergency exits and areas of rescue assistance have tactile guide strips leading to their location from all paths of common egress.,,AwarenessWellness,Specifications,1,5,1 Credit: Implement 2 of 5,,,,,,,,,,,,,,,,
75,239,3.5.5,H2,3,Circulation,15,5,Emergency Exits and Areas of Rescue Assistance,1,0,,0,5,All emergency exits and areas of rescue assistance are identified by audible beacons distinct from the fire alarm signal.,,AwarenessWellness,Specifications,1,5,1 Credit: Implement 2 of 5,,,,,,,,,,,,,,,,
76,466,3.6.1,H2,3,Circulation,15,6,Doors,2,0,,0,1,All doors are at least as wide as one clear floor space.,Required,Body Fit,Design DevelopmentSpecifications,1,6,2 Credits: Implement 6 of 18      |      1 Credit: Implement 5 of 18,Fig_466.png,Door width,"Drawing of a wheeled mobility device user passing through a door, with a dimension indicating the width is one clear floor space.",Latest Version,,,,,,,,,,,,
77,468,3.6.2,H2,3,Circulation,15,6,Doors,2,0,,0,2,All interior doors do not have raised thresholds.,Required,Body FitWellnessSocial Integration,Schematic DesignDesign DevelopmentSpecifications,1,6,2 Credits: Implement 6 of 18      |      1 Credit: Implement 5 of 18,,,,,,,,,,,,,,,,
78,477,3.6.3,H2,3,Circulation,15,6,Doors,2,0,,0,3,All doors encountered along primary routes open and close automatically based on presence sensor.,,ComfortBody Fit,Specifications,1,6,2 Credits: Implement 6 of 18      |      1 Credit: Implement 5 of 18,Fig_477.png,Automatic door with presence sensor ,Drawing of a person using a scooter approaching a door. Lines indicate a presence sensor detects the scooter user.,Latest Version,,,,,,,,,,,,
79,478,3.6.4,H2,3,Circulation,15,6,Doors,2,0,,0,4,All doors encountered along primary routes open and close automatically when activated by pressing a button.,,ComfortBody Fit,Specifications,1,6,2 Credits: Implement 6 of 18      |      1 Credit: Implement 5 of 18,Fig_478A.png,Door with switch activated automatic opener,Photograph of a button that triggers a door to open.,Latest Version,Fig_478B.png,Door with switch activated automatic opener,Photograph of a button that triggers a door to open.,Latest Version,Fig_478C.png,Door with switch activated automatic opener,Drawing of a door with adjacent button that triggers a door to open.,Latest Version,,,,
80,467,3.6.5,H2,3,Circulation,15,6,Doors,2,0,,0,5,All doors encountered along primary routes and that open and close automatically are wide enough to allow an ambulatory person to pass a person using a wheeled mobility device.,,Body Fit,Design DevelopmentSpecifications,1,6,2 Credits: Implement 6 of 18      |      1 Credit: Implement 5 of 18,Fig_467.png,Automatic door width,"Plan drawing of a sliding automatic door with an ambulatory person entering and a person using a scooter exiting. The opening width is 60 inches minimum (1,525 millimeters).",Latest Version,,,,,,,,,,,,
81,479,3.6.6,H2,3,Circulation,15,6,Doors,2,0,,0,6,All doors that open and close automatically have sensors that hold open the door if the passageway is obstructed.,,Wellness,Specifications,1,6,2 Credits: Implement 6 of 18      |      1 Credit: Implement 5 of 18,,,,,,,,,,,,,,,,
82,480,3.6.7,H2,3,Circulation,15,6,Doors,2,0,,0,7,All doors that open and close automatically and all doors that have an electronic locking mechanism have an emergency power supply.,,Wellness,Specifications,1,6,2 Credits: Implement 6 of 18      |      1 Credit: Implement 5 of 18,,,,,,,,,,,,,,,,
83,491,3.6.8,H2,3,Circulation,15,6,Doors,2,0,,0,8,"Doors are not required to access selected rooms and spaces (e.g., maze entry, air curtain, door with magnetic hold-open device).",,Body FitComfort,Schematic DesignDesign DevelopmentSpecifications,1,6,2 Credits: Implement 6 of 18      |      1 Credit: Implement 5 of 18,Fig_491A.png,Maze entry,Photograph of a maze entry.,Latest Version,Fig_491B.png,Maze entry,Plan drawing of a maze entrance to a wash room.,Latest Version,,,,,,,,
84,489,3.6.9,H2,3,Circulation,15,6,Doors,2,0,,0,9,"All doors encountered along primary routes have an adjacent area to allow for pausing or waiting, located outside of the door swing and outside of the primary route.",,Body FitWellnessComfort,Schematic DesignDesign Development,1,6,2 Credits: Implement 6 of 18      |      1 Credit: Implement 5 of 18,Fig_489.png,Doors with nearby area for waiting,Plan view drawings of people passing through a doorway with a nearby waiting area outside of the circulation space. One drawing depicts furniture in the waiting area. The other is  a smaller space wit,Latest Version,,,,,,,,,,,,
85,487,3.6.10,H2,3,Circulation,15,6,Doors,2,0,,0,10,All doors to rooms and spaces are located where they can be used without disrupting ongoing activities in the room or space (e.g. using the door does not require crossing between an audience and presenter).,,ComfortCultural Appropriateness,Schematic DesignDesign Development,1,6,2 Credits: Implement 6 of 18      |      1 Credit: Implement 5 of 18,Fig_487.png,Doors in non-disruptive locations,"Plan drawing of a classroom or meeting room with seats facing a presentation area at the front of the room. Doors are located on one wall, one at the front and one in the back of the room. The doors a",Latest Version,,,,,,,,,,,,
86,488,3.6.11,H2,3,Circulation,15,6,Doors,2,0,,0,11,All vestibules have the same overall passage width exiting the vestibule as entering the vestibule.,,Body FitWellness,Schematic DesignDesign DevelopmentSpecifications,1,6,2 Credits: Implement 6 of 18      |      1 Credit: Implement 5 of 18,Fig_473B_474A_488A.png,Vestibule doors,Photograph of two sets of doors exiting a vestibule that are the same width as those entering the vestibule.,Latest Version,Fig_488B.png,Vestibule passage width,"Plan drawing of a vestibule with  2 sets of double doors entering the vestibule, one marked with a width of X, the other with Y. Aligned with these are doors exiting the vestibule, also marked X and Y",Latest Version,,,,,,,,
87,469,3.6.12,H2,3,Circulation,15,6,Doors,2,0,,0,12,All doors or door frames visually contrast with the surrounding walls.,,Awareness-,Specifications,1,6,2 Credits: Implement 6 of 18      |      1 Credit: Implement 5 of 18,Fig_469A_473A.png,Door with visual contrast from surrounding wall,Photograph of a wooden door with grey trim against a white wall.,Latest Version,Fig_469B.png,"Door without visual contrast (left), and with visual contrast (right)","Drawing of two doors, one with a light grey door against a frame and wall of the same color. The drawing is marked with a red X. The other door is on a light grey wall. It has a dark grey frame and do",Latest Version,,,,,,,,
88,474,3.6.13,H2,3,Circulation,15,6,Doors,2,0,,0,13,"All doors that swing into a common path of travel are glazed or have a full-height view panel, except doors leading to spaces with a usable floor area less than 25 square feet (2.33 square meters).",,AwarenessUnderstandingWellness,Specifications,1,6,2 Credits: Implement 6 of 18      |      1 Credit: Implement 5 of 18,Fig_473B_474A_488A.png,Glazed doors with side glazing,"Photograph of 4 doors that have glass panels on each door, as well as in between the doors",Latest Version,Fig_474B.png,Doors with full-height view panels,Drawing of three doors. One door has a full height and width glass panel. Another has a full-height band of glazing. The last has a full-height glass panel on the latch side of the door.,Latest Version,,,,,,,,
89,483,3.6.14,H2,3,Circulation,15,6,Doors,2,0,,0,14,"Selected spaces have doors in pairs designated for entering and exiting, labeled accordingly on both sides.",,ComfortWellnessUnderstanding,Schematic DesignDesign DevelopmentSpecifications,1,6,2 Credits: Implement 6 of 18      |      1 Credit: Implement 5 of 18,Fig_483A.png,Doors in pairs labeled for exiting and entering,"Plan drawing of a bathroom with separate entrance and exit vestibules. Using arrows, the drawing indicates the location of signs, reading enter and exit on both sides of the doors to each vestibule.",Latest Version,,,,,,,,,,,,
90,473,3.6.15,H2,3,Circulation,15,6,Doors,2,0,,0,15,"All doors encountered along primary routes have hardware with design cues indicating the appropriate pushing or pulling action to open (e.g., plate or bar for pushing, U-shaped handle for pulling).",,AwarenessUnderstanding,Specifications,1,6,2 Credits: Implement 6 of 18      |      1 Credit: Implement 5 of 18,Fig_469A_473A.png,Door with push plate,Photograph of a door with push plate.,Latest Version,Fig_473B_474A_488A.png,Doors with exit hardware,"Photograph of two sets of double doors, each with exit hardware.",Latest Version,Fig_473C.png,"Door hardware indicating push (left), and pull (right)",Drawing of two doors. One has a horizontal push par. The other has a vertical handle on the latch side.,Latest Version,,,,
91,481,3.6.16,H2,3,Circulation,15,6,Doors,2,0,,0,16,"Selected doors can be secured and unsecured using magnetic swipe cards, electronic key fobs, smart phones, numeric keypads, or other technology in lieu of keys.",,Body FitWellnessComfort,Specifications,1,6,2 Credits: Implement 6 of 18      |      1 Credit: Implement 5 of 18,Fig_481.png,Magnetic swipe card securement system,Drawing of a wheelchair user swiping a card at a closed door.,Latest Version,,,,,,,,,,,,
92,490,3.6.17,H2,3,Circulation,15,6,Doors,2,0,,0,17,All doors with closers that do not open automatically have a shelf on each side of the door.,,Comfort,Design DevelopmentSpecificationsOperations,1,6,2 Credits: Implement 6 of 18      |      1 Credit: Implement 5 of 18,Fig_490B.png,Door with shelf,Photograph of a door with a nearby shelf.,Latest Version,Fig_490C.png,Doors with shelves,Drawing of room entries with shelves available ,Latest Version,,,,,,,,
93,475,3.6.18,H2,3,Circulation,15,6,Doors,2,0,,0,18,"Selected doors to access-controlled areas have an audio-video intercom system and/or two peepholes, one at standing eye level and the other at sitting eye level.",,Body FitWellness,Specifications,1,6,2 Credits: Implement 6 of 18      |      1 Credit: Implement 5 of 18,Fig_475A.png,Door with two peepholes to allow standing or seated views to the other side of the door. ,Photograph of a door with two peepholes.,Latest Version,Fig_475B.png,Door with two peepholes,Drawing of a woman in a wheeled mobility device looking through the lower of two peepholes at a door. The peepholes in the drawing are located at 43 inches (1090 millimeters) and 60 inches (millimeter,Latest Version,,,,,,,,
94,157,3.7.1,H2,3,Circulation,15,7,Stairways,1,0,,0,1,All interior stairways have equal riser heights of 6-7 inches (150-180 mm) and equal tread depths of 11-12 inches (280-305 mm).,,Body FitComfortWellness,Schematic DesignDesign DevelopmentSpecifications,1,7,1 Credit: Implement 4 of 10,Fig_157.png,Interior stairway riser and tread dimensions,"Drawing of an interior stair that  has riser heights of 6 to 7 inches (150 to 180 millimeters), and tread depths of 11 to 12 inches (280 to 305 millimeters).",Latest Version,,,,,,,,,,,,
95,898,3.7.2,H2,3,Circulation,15,7,Stairways,1,0,,0,2,All exterior stairways and stairways in public assembly areas have equal riser heights of 4-7 inches (100-180 mm) and equal tread depths of 12-24 inches (305-610 mm).,,Body FitComfortWellness,Schematic DesignDesign DevelopmentSpecifications,1,7,1 Credit: Implement 4 of 10,Fig_898.png,Exterior stairways should have deeper treads and a smaller rise than interior stairs because they are more subject to weather.,"Drawing of an interior stair that  has riser heights of 4 to 7 inches ( 100 to 180 millimeters), and tread depths of 12 to 24 inches (305 to 610 millimeters).",Latest Version,,,,,,,,,,,,
96,162,3.7.3,H2,3,Circulation,15,7,Stairways,1,0,,0,3,All interior stairway edges and selected exterior stairway edges have a photoluminescent stripe or color that contrasts with stair treads.,,AwarenessWellness,Specifications,1,7,1 Credit: Implement 4 of 10,Fig_162A.png,Stair tread with striped edges,Photograph of a stairway with a contrasting yellow color at the edge of each stair tread.,Latest Version,Fig_162.png,Stair tread with striped edges,Drawing of two people using a stairway that has a contrasting yellow color at the edge of each stair tread.,Latest Version,,,,,,,,
97,158,3.7.4,H2,3,Circulation,15,7,Stairways,1,0,,0,4,"All stairways have no fewer than 3 and no greater than 10 risers for each run, except enclosed stairways intended only for emergency egress.",,ComfortWellness,Schematic DesignDesign DevelopmentSpecifications,1,7,1 Credit: Implement 4 of 10,Fig_158A_171A.png,Stairway with appropriate number of risers per run,Photograph of a stairway with more than 3 and less than 10 risers for each run.,Latest Version,Fig_158B.png,Minimum and maximum risers for stair runs,"Section drawings of two stair runs. One has three risers, labeled as minimum. The other has 10 risers, labeled as maximum.",Latest Version,,,,,,,,
98,171,3.7.5,H2,3,Circulation,15,7,Stairways,1,0,,0,5,All stairways wider than 78 inches (1980 mm) have at least one additional handrail.,,Comfort-Wellness,Specifications,1,7,1 Credit: Implement 4 of 10,Fig_158A_171A.png,Stairway with additional handrail,"Photograph of a wide stairway that has an three handrails, one on each side, and one in the middle.",Latest Version,Fig_171B.png,Stairway with additional handrail,"Drawing of a stairway with a dimension indicating the width is greater than 78 inches ( 1,980 millimeters). The stairway has handrails on both sides and one in the middle.",Latest Version,,,,,,,,
99,159,3.7.6,H2,3,Circulation,15,7,Stairways,1,0,,0,6,"All interior stairways with landings have resting areas outside the circulation space, except enclosed stairways intended only for emergency egress.",,ComfortBody FitWellness,Schematic DesignDesign DevelopmentSpecifications,1,7,1 Credit: Implement 4 of 10,Fig_159.png,Resting area at stairway landing,"Plan drawing of a switch back stairway. At the landing between stair runs, a person sits on a bench and another stands nearby. The people are outside the fire egress arc depicted.",Latest Version,,,,,,,,,,,,
100,161,3.7.7,H2,3,Circulation,15,7,Stairways,1,0,,0,7,All stairways have a tactile walking surface indicator at the top of every run.,,Awareness-Wellness,Specifications,1,7,1 Credit: Implement 4 of 10,Fig_161.png,Tactile walking surface indicators,Drawing of two individuals on a stairway that has tactile surface indicators at the top of every run.,Latest Version,,,,,,,,,,,,
101,667,3.7.8,H2,3,Circulation,15,7,Stairways,1,0,,0,8,"Selected interior stairways have added features to promote use in lieu of elevator (e.g., windows, bright light, vibrant color, music, doors held open magnetically, etc.).",,ComfortAwarenessWellness,Schematic DesignDesign DevelopmentSpecifications,1,7,1 Credit: Implement 4 of 10,,,,,,,,,,,,,,,,
102,665,3.7.9,H2,3,Circulation,15,7,Stairways,1,0,,0,9,Enclosed stairways have glazing providing line of sight into and out of the stairway.,,AwarenessWellness,Schematic DesignDesign Development,1,7,1 Credit: Implement 4 of 10,Fig_665.png,Glazing in stairwell,Photograph of a stairwell looking down toward a terrace with trees visible through a window.,Latest Version,,,,,,,,,,,,
103,666,3.7.10,H2,3,Circulation,15,7,Stairways,1,0,,0,10,All stairways that are only intended for emergency egress are labeled accordingly.,,Awareness,Specifications,1,7,1 Credit: Implement 4 of 10,Fig_666.png,Emergency egress label,"Drawing of a door with emergency exit device and sign reading ""emergency exit only.""",Latest Version,,,,,,,,,,,,
104,152,3.8.1,H2,3,Circulation,15,8,Ramps,1,0,,0,1,All ramps are as wide as the general circulation space and run in the same direction of the general circulation space.,,Body Fit-,Schematic DesignDesign Development,1,8,1 Credit: Implement 2 of 3,Fig_152A_166.png,Ramp as wide as the general circulation space,"Photograph of a ramp, with two sets of handrails on either side, that serves as the general circulation space for everyone along a corridor.",Latest Version,Fig_152B.png,"On the left, a ramp does not run in the same direction as the general circulation space. On the right, both ramps do.",Plan view drawings of three ramp and stair combinations. One segregates an individual using a wheeled mobility device from the general circulation space while others use stairs. The other two allow al,Latest Version,,,,,,,,
105,153,3.8.2,H2,3,Circulation,15,8,Ramps,1,0,,0,2,"All ramps with a run less than or equal to 6 feet (1830 mm) have a slope of 1:12 or less, and all ramps with a run greater than 6 feet (1830 mm) have a minimum slope of 1:15.",,Body FitComfortWellness,Schematic DesignDesign DevelopmentSpecifications,1,8,1 Credit: Implement 2 of 3,Fig_153.png,Maximum ramp slope for given horizontal length,"Drawing of two different ramp slopes. For distances less than or equal to 6 feet (1,830 millimeters), the slope is 1:12 maximum. For greater distances, the slope is 1:15 maximum.",Latest Version,,,,,,,,,,,,
106,155,3.8.3,H2,3,Circulation,15,8,Ramps,1,0,,0,3,All ramps with intermediate landings have resting areas outside the circulation space.,,ComfortBody FitWellness,Schematic DesignDesign Development,1,8,1 Credit: Implement 2 of 3,Fig_155.png,Ramp with resting area at landing,"Drawing of a resting area on the landing of a ramp, with seating and vending machines. There is sufficient space that a wheelchair user and person seated do not encroach on the circulation route.",Latest Version,,,,,,,,,,,,
107,166,3.9.1,H2,3,Circulation,15,9,Handrails,1,0,,0,1,"All stairways and ramps have a set of handrails at more than one height (e.g., one for adults and one for children).",,Body FitComfort,Specifications,1,9,1 Credit: Implement 1 of 3,Fig_152A_166.png,Handrails at multiple heights ,Photograph of a ramp with a high and low handrail on each side.,Latest Version,Fig_166B.png,Handrail heights,"Section drawing of stair run with handrails at two heights, one labeled as 33 to 36 inches to the top of the handrail (840 to 915 millimeters). The other is labeled as 24 inches preferred to the top o",Latest Version,,,,,,,,
108,169,3.9.2,H2,3,Circulation,15,9,Handrails,1,0,,0,2,All stairways and ramps have luminescent striping or integrated lighting on at least one set of handrails.,,Awareness-Wellness-,Specifications,1,9,1 Credit: Implement 1 of 3,Fig_169.png,Railings with luminescent striping and integrated lighting,Two section drawings of stairways with railings at two heights. One has a yellow luminescent stripe on each railing. The other has downward light emanating from each railing.,Latest Version,,,,,,,,,,,,
109,170,3.9.3,H2,3,Circulation,15,9,Handrails,1,0,,0,3,"All stairways and ramps have tactile cues on all handrails, indicating the direction of travel and/or location.",,Awareness-Wellness-,Specifications,1,9,1 Credit: Implement 1 of 3,Fig_170.png,Tactile cue on handrail,Drawing of a typical handrail. The handrail has a horizontal portion and sloped portion as if at the top of a stair landing. The horizontal portion has a an area of red ridges.,Latest Version,,,,,,,,,,,,
110,176,3.10.1,H2,3,Circulation,15,10,Elevators,1,0,,0,1,"All elevators have sufficient space for all people to enter, operate controls, and exit.",Required,Body FitComfortSocial Integration,Schematic DesignDesign DevelopmentSpecifications,1,10,1 Credit: Implement 3 of 6,Fig_176_177.png,Elevator space clearances,"Plan drawing of a person using a wheelchair positioned in an elevator, accompanied by a table indicating minimum dimensions for A: door width, B: car width, C: car depth, and D: car depth when measure",Latest Version,,,,,,,,,,,,
111,639,3.10.2,H2,3,Circulation,15,10,Elevators,1,0,,0,2,All elevators have doors on both ends and controls positioned to allow people to use the elevator without turning around inside.,,Body Fit,Schematic DesignDesign DevelopmentSpecifications,1,10,1 Credit: Implement 3 of 6,Fig_639.png,Pass-through elevator,Plan drawing of an elevator car with doors on opposite ends. A wheelchair user is on the elevator car with arrows indicating forward motion through the first set and second set of doors. ,Latest Version,,,,,,,,,,,,
112,177,3.10.3,H2,3,Circulation,15,10,Elevators,1,0,,0,3,All elevators allow people who use a wheeled mobility device to complete a 180-degree turn inside.,,Body FitComfortSocial Integration,Schematic DesignDesign DevelopmentSpecifications,1,10,1 Credit: Implement 3 of 6,Fig_176_177.png,Elevator space clearances,"Plan drawing of a person using a wheelchair positioned in an elevator, accompanied by a table indicating minimum dimensions for A: door width, B: car width, C: car depth, and D: car depth when measure",Latest Version,,,,,,,,,,,,
113,179,3.10.4,H2,3,Circulation,15,10,Elevators,1,0,,0,4,"All elevators with security access controls (e.g., swipe card, key fob, biometrics, etc.) allow floor selection before and after authorization, and provide clear feedback when access is not authorized.",,AwarenessUnderstanding,SpecificationsOperations,1,10,1 Credit: Implement 3 of 6,,,,,,,,,,,,,,,,
114,175,3.10.5,H2,3,Circulation,15,10,Elevators,1,0,,0,5,All elevators have an adjacent waiting area at all discharge levels that does not conflict with the circulation space.,,Comfort-Body FitWellness,Schematic DesignDesign Development,1,10,1 Credit: Implement 3 of 6,Fig_175.png,Elevator waiting area,Plan drawing of an elevator lobby with 3 elevator cars. A circulation route is indicated by a hatched area proceeding through the lobby and to each elevator car. A seating area is positioned opposite ,Latest Version,,,,,,,,,,,,
115,178,3.10.6,H2,3,Circulation,15,10,Elevators,1,0,,0,6,All elevators are monitored by an employee who can provide assistance if needed.,,Wellness,Operations,1,10,1 Credit: Implement 3 of 6,,,,,,,,,,,,,,,,
116,181,3.11.1,H2,3,Circulation,15,11,Escalators,1,0,,0,1,All escalators have audible warnings prior to the beginning and end of trip.,,AwarenessUnderstandingWellness,Specifications,1,11,1 Credit: Implement 1 of 2,,,,,,,,,,,,,,,,
117,884,3.11.2,H2,3,Circulation,15,11,Escalators,1,0,,0,2,All escalators have a tactile walking surface indicator upon approach.,,AwarenessUnderstandingWellness,Specifications,1,11,1 Credit: Implement 1 of 2,,,,,,,,,,,,,,,,
118,182,3.12.1,H2,3,Circulation,15,12,Moving Walkways,1,0,,0,1,All moving walkways have a slope not exceeding 1:20.,,Comfort,Schematic DesignDesign DevelopmentSpecifications,1,12,1 Credit: Implement 2 of 4,,,,,,,,,,,,,,,,
119,184,3.12.2,H2,3,Circulation,15,12,Moving Walkways,1,0,,0,2,"All moving walkways are designed to permit use by people who use wheeled mobility devices, strollers, rolling luggage, and shopping carts.",,Body FitCultural Appropriateness,SpecificationsOperations,1,12,1 Credit: Implement 2 of 4,,,,,,,,,,,,,,,,
120,186,3.12.3,H2,3,Circulation,15,12,Moving Walkways,1,0,,0,3,All moving walkways have audible warnings prior to the beginning and end of trip.,,AwarenessUnderstandingWellness,Specifications,1,12,1 Credit: Implement 2 of 4,,,,,,,,,,,,,,,,
121,185,3.12.4,H2,3,Circulation,15,12,Moving Walkways,1,0,,0,4,All moving walkways have a tactile walking surface indicator upon approach.,,AwarenessUnderstandingWellness,Specifications,1,12,1 Credit: Implement 2 of 4,,,,,,,,,,,,,,,,
122,578,4.1.1.1,H3,4,Environmental Quality,7,1,Illumination,3,1,Electric Lighting,1,1,"Electric lighting is even, free from glare, and does not cast distracting shadows.",,ComfortAwareness,Schematic DesignDesign DevelopmentSpecifications,1,1,1 Credit: Implement 4 of 7,Fig_578.png,"The image on the left (© Paul Ott, Graz) does not have distracting shadows or glare. The image on the right has lighting that creates confusing glare on the floor and glass walls. ",Two photographs: One depicts a corridor with lighting that does not cast distracting shadows or glare. The other has lighting that creates confusing glare on the floor and glass walls.,Latest Version,,,,,,,,,,,,
123,583,4.1.1.2,H3,4,Environmental Quality,7,1,Illumination,3,1,Electric Lighting,1,2,Electric lighting automatically dims based on the amount of daylight available.,,ComfortCultural Appropriateness,Specifications,1,1,1 Credit: Implement 4 of 7,,,,,,,,,,,,,,,,
124,586,4.1.1.3,H3,4,Environmental Quality,7,1,Illumination,3,1,Electric Lighting,1,3,"Illumination levels can be adjusted at all task areas (e.g., work stations, dining tables, bedside, etc.).",,ComfortPersonalization,Design DevelopmentSpecificationsOperations,1,1,1 Credit: Implement 4 of 7,,,,,,,,,,,,,,,,
125,588,4.1.1.4,H3,4,Environmental Quality,7,1,Illumination,3,1,Electric Lighting,1,4,Illumination level changes occur gradually between spaces.,,ComfortWellness,Design DevelopmentSpecifications,1,1,1 Credit: Implement 4 of 7,Fig_588.png,Gradual illumination changes,"Section drawing of a movie theater with a vestibule at the rear of the theater, entering from a hallway. Labels indicate the theater is about 20 lux during the presentation, vestibule at about 100 lux",Latest Version,,,,,,,,,,,,
126,590,4.1.1.5,H3,4,Environmental Quality,7,1,Illumination,3,1,Electric Lighting,1,5,Illumination levels are sufficient based on occupancy and use.,,ComfortAwarenessCultural Appropriateness,Design DevelopmentSpecifications,1,1,1 Credit: Implement 4 of 7,Fig_590.png,Task appropriate lighting,Photograph of a person using a laptop in a library. A desk lamp provides additional light.,Latest Version,,,,,,,,,,,,
127,591,4.1.1.6,H3,4,Environmental Quality,7,1,Illumination,3,1,Electric Lighting,1,6,"Electric lighting in all areas of primary function, work spaces, and toilet and bathing rooms have a color rendering index of 90 or higher.",,Comfort,Specifications,1,1,1 Credit: Implement 4 of 7,,,,,,,,,,,,,,,,
128,913,4.1.1.7,H3,4,Environmental Quality,7,1,Illumination,3,1,Electric Lighting,1,7,Electric lighting systems are commissioned as per ASHRAE guide.,,Comfort,SpecificationsOperations,1,1,1 Credit: Implement 4 of 7,,,,,,,,,,,,,,,,
129,592,4.1.2.1,H3,4,Environmental Quality,7,1,Illumination,3,2,Electric Lighting Controls,1,1,All electric lighting controls are within reach range.,,Body Fit,Specifications,1,2,1 Credit: Implement 5 of 6,,,,,,,,,,,,,,,,
130,593,4.1.2.2,H3,4,Environmental Quality,7,1,Illumination,3,2,Electric Lighting Controls,1,2,Selected electric lighting controls are labeled to indicate zone controlled.,,Understanding,SpecificationsOperations,1,2,1 Credit: Implement 5 of 6,Fig_593.png,Lighting control labels,"Drawing of a switch plate with 4 light switches, labeled to represent the zones, lectern, aisle, front, and back.",Latest Version,,,,,,,,,,,,
131,642,4.1.2.3,H3,4,Environmental Quality,7,1,Illumination,3,2,Electric Lighting Controls,1,3,All switch plates contrast in color from the surrounding wall.,,Understanding,Specifications,1,2,1 Credit: Implement 5 of 6,,,,,,,,,,,,,,,,
132,594,4.1.2.4,H3,4,Environmental Quality,7,1,Illumination,3,2,Electric Lighting Controls,1,4,Selected electric lighting controls can be activated by a remote control or voice command.,,Body FitPersonalization,Specifications,1,2,1 Credit: Implement 5 of 6,,,,,,,,,,,,,,,,
133,596,4.1.2.5,H3,4,Environmental Quality,7,1,Illumination,3,2,Electric Lighting Controls,1,5,All electric lighting is activated by occupancy sensor with an override switch.,,PersonalizationComfort,Specifications,1,2,1 Credit: Implement 5 of 6,,,,,,,,,,,,,,,,
134,597,4.1.2.6,H3,4,Environmental Quality,7,1,Illumination,3,2,Electric Lighting Controls,1,6,All rooms and spaces with multiple electric lighting controls have a master switch controlling all electric lighting.,,Comfort,Specifications,1,2,1 Credit: Implement 5 of 6,,,,,,,,,,,,,,,,
135,600,4.1.3.1,H3,4,Environmental Quality,7,1,Illumination,3,3,Daylighting,1,1,All rooms and spaces (excluding storage and utility rooms) have direct access to daylight or have glass partitions to a space with direct access to daylight.,,WellnessCultural Appropriateness,Schematic DesignDesign Development,1,3,1 Credit: Implement 4 of 6,,,,,,,,,,,,,,,,
136,601,4.1.3.2,H3,4,Environmental Quality,7,1,Illumination,3,3,Daylighting,1,2,"All rooms and spaces with direct access to daylight have architectural features to manage the daylight (e.g. light shelves, clerestories, recessed skylights, etc.).",,ComfortWellnessCultural Appropriateness,Schematic DesignDesign DevelopmentSpecificationsOperations,1,3,1 Credit: Implement 4 of 6,,,,,,,,,,,,,,,,
137,602,4.1.3.3,H3,4,Environmental Quality,7,1,Illumination,3,3,Daylighting,1,3,All rooms and spaces with direct access to daylight have shading devices that allow building users to manage the daylight.,,ComfortPersonalization,Specifications,1,3,1 Credit: Implement 4 of 6,Fig_602.png,Window shading,Photograph of a window in an office that has shading to control daylight levels.,Latest Version,,,,,,,,,,,,
138,603,4.1.3.4,H3,4,Environmental Quality,7,1,Illumination,3,3,Daylighting,1,4,Selected shading devices reposition automatically based on the time of day and/or year.,,ComfortCultural Appropriateness,Design DevelopmentSpecifications,1,3,1 Credit: Implement 4 of 6,,,,,,,,,,,,,,,,
139,881,4.1.3.5,H2,4,Environmental Quality,7,1,Illumination,3,3,Daylighting,1,5,All windows in aboveground rooms or spaces provide views for people of all heights.,,Body FitSocial Integration,Design DevelopmentSpecifications,1,3,1 Credit: Implement 4 of 6,Fig_881.png,Window height,"Drawing of two windows of the same size. The windows provide views to the outside for a person using a scooter, as well as an adult and child. ",Latest Version,,,,,,,,,,,,
140,915,4.1.3.6,H3,4,Environmental Quality,7,1,Illumination,3,3,Daylighting,1,6,Daylighting systems are commissioned as per ASHRAE guide.,,Comfort,SpecificationsOperations,1,3,1 Credit: Implement 4 of 6,,,,,,,,,,,,,,,,
141,609,4.2.1,H3,4,Environmental Quality,7,2,Acoustics,1,0,,0,1,Acoustic design features are compatible with the needs of every room and space.,,ComfortCultural Appropriateness,Design DevelopmentSpecifications,1,2,1 Credit: Implement 4 of 7,,,,,,,,,,,,,,,,
142,611,4.2.2,H3,4,Environmental Quality,7,2,Acoustics,1,0,,0,2,Acoustic design incorporates more assistive listening systems in more rooms and spaces than required by applicable accessibility standards.,,Awareness,SpecificationsOperations,1,2,1 Credit: Implement 4 of 7,,,,,,,,,,,,,,,,
143,606,4.2.3,H3,4,Environmental Quality,7,2,Acoustics,1,0,,0,3,Noise and vibration from all noise-generating building systems are controlled.,,ComfortWellness,Design DevelopmentSpecifications,1,2,1 Credit: Implement 4 of 7,,,,,,,,,,,,,,,,
144,607,4.2.4,H3,4,Environmental Quality,7,2,Acoustics,1,0,,0,4,"The volume of background music and all other entertainment systems (e.g. televisions) can be controlled by all occupants, or by staff in the immediate vicinity of the sound source.",,Personalization,Specifications,1,2,1 Credit: Implement 4 of 7,,,,,,,,,,,,,,,,
145,472,4.2.5,H2,4,Environmental Quality,7,2,Acoustics,1,0,,0,5,All doors and windows are designed to the appropriate sound transmission class (STC).,,ComfortAwareness,Specifications,1,2,1 Credit: Implement 4 of 7,Fig_472.png,Example of need for design to appropriate sound transmission class ,"Drawing depicts a person working at a computer inside a building, looking out of a window to a person mowing the lawn.",Latest Version,,,,,,,,,,,,
146,914,4.2.6,H2,4,Environmental Quality,7,2,Acoustics,1,0,,0,6,All walls are designed to the appropriate sound transmission class (STC).,,ComfortAwareness,Specifications,1,2,1 Credit: Implement 4 of 7,,,,,,,,,,,,,,,,
147,916,4.2.7,H3,4,Environmental Quality,7,2,Acoustics,1,0,,0,7,Acoustic design is commissioned as per ASHRAE guide.,,Comfort,SpecificationsOperations,1,2,1 Credit: Implement 4 of 7,,,,,,,,,,,,,,,,
148,612,4.3.1.1,H3,4,Environmental Quality,7,3,Thermal Comfort,2,1,Thermal Comfort Systems,1,1,Thermal comfort systems provide constant and uniform temperatures in each zone.,,ComfortWellness,Specifications,1,1,1 Credit: Implement 4 of 6,,,,,,,,,,,,,,,,
149,613,4.3.1.2,H3,4,Environmental Quality,7,3,Thermal Comfort,2,1,Thermal Comfort Systems,1,2,Thermal comfort systems are zoned to allow personal control in selected rooms and spaces.,,ComfortWellnessPersonalization,Specifications,1,1,1 Credit: Implement 4 of 6,,,,,,,,,,,,,,,,
150,615,4.3.1.3,H3,4,Environmental Quality,7,3,Thermal Comfort,2,1,Thermal Comfort Systems,1,3,Thermal comfort systems eliminate drafts by controlling air flow and providing appropriate wall and window insulation.,,Comfort,Specifications,1,1,1 Credit: Implement 4 of 6,,,,,,,,,,,,,,,,
151,619,4.3.1.4,H3,4,Environmental Quality,7,3,Thermal Comfort,2,1,Thermal Comfort Systems,1,4,"Thermal comfort systems are supplemented by ceiling or personal fans with multiple speed settings and occupancy sensors, in selected rooms and spaces.",,ComfortPersonalization,Design DevelopmentSpecifications,1,1,1 Credit: Implement 4 of 6,,,,,,,,,,,,,,,,
152,620,4.3.1.5,H3,4,Environmental Quality,7,3,Thermal Comfort,2,1,Thermal Comfort Systems,1,5,Thermal comfort systems incorporate personal environmental modules at all individual task areas.,,PersonalizationComfort,Design DevelopmentSpecifications,1,1,1 Credit: Implement 4 of 6,,,,,,,,,,,,,,,,
153,917,4.3.1.6,H3,4,Environmental Quality,7,3,Thermal Comfort,2,1,Thermal Comfort Systems,1,6,Thermal comfort systems are commissioned as per ASHRAE guide.,,Comfort,SpecificationsOperations,1,1,1 Credit: Implement 4 of 6,,,,,,,,,,,,,,,,
154,622,4.3.2.1,H3,4,Environmental Quality,7,3,Thermal Comfort,2,2,Temperature Controls,1,1,All temperature controls are within reach range.,,Body Fit,Specifications,1,2,1 Credit: Implement 3 of 5,,,,,,,,,,,,,,,,
155,831,4.3.2.2,H2,4,Environmental Quality,7,3,Thermal Comfort,2,2,Temperature Controls,1,2,"All windows are operable (where permitted by law), each with an operating mechanism within reach range.",,Body FitUnderstandingWellnessComfortPersonalization,Specifications,1,2,1 Credit: Implement 3 of 5,,,,,,,,,,,,,,,,
156,623,4.3.2.3,H3,4,Environmental Quality,7,3,Thermal Comfort,2,2,Temperature Controls,1,3,"Temperature controls can be programmed for different settings based on time of day (and optionally, by season as well).",,PersonalizationComfortCultural Appropriateness,Specifications,1,2,1 Credit: Implement 3 of 5,,,,,,,,,,,,,,,,
157,624,4.3.2.4,H3,4,Environmental Quality,7,3,Thermal Comfort,2,2,Temperature Controls,1,4,"In rooms and spaces where occupants have control over temperature, controls follow a common conceptual model.",,Awareness,Specifications,1,2,1 Credit: Implement 3 of 5,Fig_624.png,Thermostats,"Drawings of two circular thermostat dials. One, labels analog thermostat has large numbers indicating the set temperature. The other is labeled as a digital smart thermostat, indicating the current te",Latest Version,,,,,,,,,,,,
158,625,4.3.2.5,H3,4,Environmental Quality,7,3,Thermal Comfort,2,2,Temperature Controls,1,5,Temperature settings can be adjusted by remote control.,,Body Fit,Specifications,1,2,1 Credit: Implement 3 of 5,,,,,,,,,,,,,,,,
159,919,4.4.1,H3,4,Environmental Quality,7,4,Indoor Air Quality,1,0,,0,1,Indoor air quality system is designed based on a detailed user needs assessment.,,Comfort,Initiate,1,4,1 Credit: Implement 3 of 4,,,,,,,,,,,,,,,,
160,920,4.4.2,H3,4,Environmental Quality,7,4,Indoor Air Quality,1,0,,0,2,Air contamination sources are reduced by achieving objectives 2-5 in ASHRAE guide.,,Comfort,SpecificationsOperations,1,4,1 Credit: Implement 3 of 4,,,,,,,,,,,,,,,,
161,921,4.4.3,H3,4,Environmental Quality,7,4,Indoor Air Quality,1,0,,0,3,Air contamination pathways are reduced by achieving objectives 6-8 in ASHRAE guide.,,Comfort,SpecificationsOperations,1,4,1 Credit: Implement 3 of 4,,,,,,,,,,,,,,,,
162,918,4.4.4,H3,4,Environmental Quality,7,4,Indoor Air Quality,1,0,,0,4,Indoor air quality systems are commissioned as per ASHRAE guide.,,Comfort,SpecificationsOperations,1,4,1 Credit: Implement 3 of 4,,,,,,,,,,,,,,,,
163,40,5.1.1,H2,5,Site,15,1,Site Access Points,1,0,,0,1,Selected site access points are identified by a landmark or prominent sign indicating facility name and/or street address.,Required,Awareness,Schematic DesignDesign DevelopmentSpecifications,1,1,1 Credit: Implement 3 of 5,,,,,,,,,,,,,,,,
164,39,5.1.2,H2,5,Site,15,1,Site Access Points,1,0,,0,2,"All site access points are visible from all vehicular, pedestrian, and bicycle approach routes.",,Awareness,Schematic DesignDesign DevelopmentSpecifications,1,1,1 Credit: Implement 3 of 5,,,,,,,,,,,,,,,,
165,42,5.1.3,H2,5,Site,15,1,Site Access Points,1,0,,0,3,"Where a visual landmark is provided at a site access point, all such landmarks are accompanied by tactile and/or audible cues.",,Awareness-,Design DevelopmentSpecifications,1,1,1 Credit: Implement 3 of 5,,,,,,,,,,,,,,,,
166,43,5.1.4,H2,5,Site,15,1,Site Access Points,1,0,,0,4,"Site access points with different functions use graphics to distinguish each access point (e.g., visitor entrance, employee entrance, ambulance entrance, etc.)",,AwarenessUnderstanding,SpecificationsOperations,1,1,1 Credit: Implement 3 of 5,,,,,,,,,,,,,,,,
167,47,5.1.5,H2,5,Site,15,1,Site Access Points,1,0,,0,5,"All site access points have maps, models, and/or directional signs indicating the location of primary destinations.",,Awareness,Operations,1,1,1 Credit: Implement 3 of 5,,,,,,,,,,,,,,,,
168,33,5.2.1,H2,5,Site,15,2,Site Design,3,0,,0,1,"The site has routes for vehicular, pedestrian, and bicycle traffic that are physically separate (e.g. by curbs, bollards, furniture, planting strips, etc.).",,WellnessAwareness,Schematic DesignDesign DevelopmentSpecifications,1,2,3 Credits: Implement 7 of 12      |      2 Credits: Implement 6 of 12      |      1 Credit: Implement 5 of 12,,,,,,,,,,,,,,,,
169,32,5.2.2,H2,5,Site,15,2,Site Design,3,0,,0,2,"The site has lines of sight visually connecting all public transportation stops (if any), all parking areas (if any), and all vehicular, bicycle, and pedestrian paths of travel to at least one primary entrance.",,Awareness,Schematic DesignDesign Development,1,2,3 Credits: Implement 7 of 12      |      2 Credits: Implement 6 of 12      |      1 Credit: Implement 5 of 12,Fig_32.png,Lines of sight from building entrances,"Plan drawing of a site with a building, with lines of sight drawn to indicate visual connection between building entrance and street, parking lot, and bus stop.",Latest Version,,,,,,,,,,,,
170,34,5.2.3,H2,5,Site,15,2,Site Design,3,0,,0,3,The site allows pedestrians to directly access a primary entrance without crossing a vehicular way or parking lot.,,Social IntegrationWellnessComfort,Schematic DesignDesign DevelopmentSpecifications,1,2,3 Credits: Implement 7 of 12      |      2 Credits: Implement 6 of 12      |      1 Credit: Implement 5 of 12,Fig_34.png,Direct pedestrian access,Plan drawing of a building and adjacent parking lot. The parking lot is surrounded by a pedestrian path. Lines indicate a path of travel to the entrance that minimizes travel distance in the parking l,Latest Version,,,,,,,,,,,,
171,37,5.2.4,H2,5,Site,15,2,Site Design,3,0,,0,4,The site pedestrian circulation network is integrated with local pedestrian routes.,,WellnessAwarenessSocial Integration,Schematic DesignDesign Development,1,2,3 Credits: Implement 7 of 12      |      2 Credits: Implement 6 of 12      |      1 Credit: Implement 5 of 12,Fig_37.png,Circulation network,"The drawing depicts two site plans of a small campus, each with two buildings and parking of roughly equal size. The surrounding neighborhood is depicted around the campus, for approximately one city ",Latest Version,,,,,,,,,,,,
172,35,5.2.5,H2,5,Site,15,2,Site Design,3,0,,0,5,The site has a traffic and parking load compatible with the local traffic and parking infrastructure.,,Cultural Appropriateness,InitiateSchematic Design,1,2,3 Credits: Implement 7 of 12      |      2 Credits: Implement 6 of 12      |      1 Credit: Implement 5 of 12,,,,,,,,,,,,,,,,
173,26,5.2.6,H2,5,Site,15,2,Site Design,3,0,,0,6,"The site does not have any stairways or ramps between any site access points and primary destinations, nor between any parking lots and primary destinations.",,Body FitSocial Integration,Schematic DesignDesign Development,1,2,3 Credits: Implement 7 of 12      |      2 Credits: Implement 6 of 12      |      1 Credit: Implement 5 of 12,Fig_26A.png,Route between parking lot and building entrance,"Plan drawing of site depicting a straight path of travel from a parking area, across a street and plaza, to a building entrance without any steps, ramps, elevators, and flush curbs.",Latest Version,Fig_26B_68B_138.png,Route between parking lot and building entrance,Photograph of the route between a parking lot and a primary destination. The route does not have any stairways or ramps.,Latest Version,Fig_26C.png,Route between buildings on a site,Photograph of the route between a building entrance and other buildings on the site. The route does not have any stairways or ramps.,Latest Version,,,,
174,27,5.2.7,H2,5,Site,15,2,Site Design,3,0,,0,7,The site utilizes indoor circulation spaces including elevators and ramps wherever the site topography is too steep for an exterior accessible route.,,Comfort-Social IntegrationCultural Appropriateness,Schematic DesignDesign Development,1,2,3 Credits: Implement 7 of 12      |      2 Credits: Implement 6 of 12      |      1 Credit: Implement 5 of 12,Fig_27.png,Alternate interior route to overcome steep topography,"Plan drawing of a site with steep contours, and a series of steps. On the site is a building adjacent to the exterior pathway with an elevator connecting the two levels.",Latest Version,,,,,,,,,,,,
175,29,5.2.8,H2,5,Site,15,2,Site Design,3,0,,0,8,The site has direct routes between entrances of neighboring buildings.,,ComfortUnderstanding,Schematic DesignDesign Development,1,2,3 Credits: Implement 7 of 12      |      2 Credits: Implement 6 of 12      |      1 Credit: Implement 5 of 12,Fig_29A_55.png,Direct routes between neighboring buildings,Photograph of multiple routes that directly link entrances of neighboring buildings on a university campus.,Latest Version,Fig_29B.png,Direct routes between neighboring buildings,Drawing of multiple routes that directly link entrances of neighboring buildings on a university campus.,Latest Version,,,,,,,,
176,30,5.2.9,H2,5,Site,15,2,Site Design,3,0,,0,9,The site has indoor connections between most buildings.,,ComfortWellness,Schematic DesignDesign Development,1,2,3 Credits: Implement 7 of 12      |      2 Credits: Implement 6 of 12      |      1 Credit: Implement 5 of 12,Fig_30A.png,Indoor connection between buildings,Photograph of an enclosed pedestrian bridge between two buildings.,Latest Version,Fig_30B_60B.png,Indoor connection between buildings,Photograph of an enclosed pedestrian bridge between two buildings.,Latest Version,,,,,,,,
177,31,5.2.10,H2,5,Site,15,2,Site Design,3,0,,0,10,"The site design protects selected outdoor gathering spaces from sun, wind, and/or inclement weather.",,ComfortWellnessCultural Appropriateness,Schematic DesignDesign Development,1,2,3 Credits: Implement 7 of 12      |      2 Credits: Implement 6 of 12      |      1 Credit: Implement 5 of 12,Fig_31.png,Site design protecting against sun,"Drawing depicting a partial site plan, depicting picnic benches next to a building, on a patio, surrounded by trees. Markings indicate the shadows of the building and trees at 1, 2, and 3 PM increment",Latest Version,,,,,,,,,,,,
178,809,5.2.11,H2,5,Site,15,2,Site Design,3,0,,0,11,"The site has recreation trails with a solid surface suitable for outdoor walking, running, skating, and/or cycling that are connected to the general circulation network.",,WellnessCultural AppropriatenessSocial Integration,Schematic DesignDesign Development,1,2,3 Credits: Implement 7 of 12      |      2 Credits: Implement 6 of 12      |      1 Credit: Implement 5 of 12,,,,,,,,,,,,,,,,
179,670,5.2.12,H2,5,Site,15,2,Site Design,3,0,,0,12,The site has a raised garden for growing food or vegetation maintained by building users.,,WellnessBody Fit,Schematic DesignOperations,1,2,3 Credits: Implement 7 of 12      |      2 Credits: Implement 6 of 12      |      1 Credit: Implement 5 of 12,,,,,,,,,,,,,,,,
180,57,5.3.1,H2,5,Site,15,3,Pedestrian Routes,2,0,,0,1,All pedestrian routes are wide enough for an ambulatory person to pass a wheeled mobility device user.,Required,Body Fit,Schematic DesignDesign Development,1,3,2 Credits: Implement 3 of 7      |      1 Credit: Implement 2 of 7,Fig_57.png,Primary pedestrian route width,"Drawing of a pedestrian route at least 48 inches wide (1,220 millimeters) with an ambulatory person passing a person using a wheeled mobility device.",Latest Version,,,,,,,,,,,,
181,58,5.3.2,H2,5,Site,15,3,Pedestrian Routes,2,0,,0,2,Primary pedestrian routes are wide enough to allow a person using a wheeled mobility device to complete a 180-degree turn anywhere along the route.,,Body Fit,Schematic DesignDesign Development,1,3,2 Credits: Implement 3 of 7      |      1 Credit: Implement 2 of 7,,,,,,,,,,,,,,,,
182,51,5.3.3,H2,5,Site,15,3,Pedestrian Routes,2,0,,0,3,"Pedestrian routes shared with bicycles or vehicles use traffic calming devices, are marked as shared, and/or are marked to designate lanes for each type of transportation.",,Wellness,Schematic DesignDesign DevelopmentSpecifications,1,3,2 Credits: Implement 3 of 7      |      1 Credit: Implement 2 of 7,,,,,,,,,,,,,,,,
183,52,5.3.4,H2,5,Site,15,3,Pedestrian Routes,2,0,,0,4,"Pedestrian routes adjacent to vehicular ways and passenger loading zones are marked by distinct paving materials and curb or protective edges such as bollards, chains, walls, and/or planted areas.",,AwarenessUnderstandingWellness-,Design DevelopmentSpecifications,1,3,2 Credits: Implement 3 of 7      |      1 Credit: Implement 2 of 7,Fig_52.png,Bollards mark edge between vehicular and pedestrian areas,Plan drawing of a street and adjacent sidewalk. Bollards line the edge of the sidewalk.,Latest Version,,,,,,,,,,,,
184,55,5.3.5,H2,5,Site,15,3,Pedestrian Routes,2,0,,0,5,Pedestrian routes are continuous throughout the site.,,Social IntegrationComfort,Schematic DesignDesign Development,1,3,2 Credits: Implement 3 of 7      |      1 Credit: Implement 2 of 7,Fig_29A_55.png,Continuous pedestrian routes,"Photograph of multiple, continuous pedestrian routes on a university campus.",Latest Version,,,,,,,,,,,,
185,60,5.3.6,H2,5,Site,15,3,Pedestrian Routes,2,0,,0,6,"Primary pedestrian routes have protection from the sun, wind, or inclement weather.",,ComfortWellnessCultural Appropriateness,Schematic DesignDesign Development,1,3,2 Credits: Implement 3 of 7      |      1 Credit: Implement 2 of 7,Fig_60A.png,Primary pedestrian route with weather protection,"Photograph of an enclosed pedestrian bridge, connecting two buildings.",Latest Version,Fig_30B_60B.png,Primary pedestrian route with weather protection,"Photograph of an enclosed pedestrian bridge, connecting two buildings.",Latest Version,,,,,,,,
186,54,5.3.7,H2,5,Site,15,3,Pedestrian Routes,2,0,,0,7,"Primary pedestrian routes have electronic guidance systems (e.g., wayfinding app, talking signs) or tactile guide strips leading to primary destinations.",,AwarenessUnderstanding,OperationsSpecificationsDesign Development,1,3,2 Credits: Implement 3 of 7      |      1 Credit: Implement 2 of 7,Fig_54.png,Tactile guide strip on a pedestrian route,Photograph of a tactile guide strip along a pedestrian route that indicates the crosswalk location.,Latest Version,,,,,,,,,,,,
187,68,5.4.1,H2,5,Site,15,4,Street Crossings,2,0,,0,1,All street crossings are level with the adjacent pedestrian routes within the marked crossing area (preferred) or all street crossings have curb ramps at least as wide as the marked crossing area.,Required,Body FitSocial Integration,Design Development,1,4,2 Credits: Implement 6 of 10      |      1 Credit: Implement 5 of 10,Fig_68A.png,Marked crossing area at same level as sidewalk,Photograph of a street crossing at the same level as the sidewalk with ramped street for motor vehicles. The street crossing uses brick as a visual and tactile cue as well as white paint at the crossi,Latest Version,Fig_26B_68B_138.png,Street crossing with curb ramps as wide as the marked area,Photograph of a street crossing with curb ramps as wide as the white ground makings.,Latest Version,Fig_68C_73B.png,Street crossing with curb ramps as wide as the marked area,Drawing of a street crossing with curb ramps as wide as the ground makings.,Latest Version,,,,
188,73,5.4.2,H2,5,Site,15,4,Street Crossings,2,0,,0,2,All street crossings denote safe crossing boundaries with visual markings.,Required,AwarenessWellness,Design DevelopmentOperations,1,4,2 Credits: Implement 6 of 10      |      1 Credit: Implement 5 of 10,Fig_73A_78A.png,Visual markings at street crossing,Photograph of a street crossing with white ground markings that define the safe crossing area.,Latest Version,Fig_68C_73B.png,Visual markings at street crossing,Drawing of a street crossing with ground markings that define the safe crossing area.,Latest Version,,,,,,,,
189,744,5.4.3,H2,5,Site,15,4,Street Crossings,2,0,,0,3,All street crossings are perpendicular to the vehicular way.,,Wellness,Design Development,1,4,2 Credits: Implement 6 of 10      |      1 Credit: Implement 5 of 10,Fig_744.png,Crosswalks perpendicular to the vehicular way,"Plan drawing of an intersection with curb ramps and marked crosswalks. The curb ramps point directly toward the safe crossing areas, which are perpendicular to the streets.",Latest Version,,,,,,,,,,,,
190,878,5.4.4,H2,5,Site,15,4,Street Crossings,2,0,,0,4,All street crossings have tactile markings to denote safe crossing boundaries.,,AwarenessWellness,Specifications,1,4,2 Credits: Implement 6 of 10      |      1 Credit: Implement 5 of 10,,,,,,,,,,,,,,,,
191,879,5.4.5,H2,5,Site,15,4,Street Crossings,2,0,,0,5,"Where transit platforms or tactile guide strips are present on the site, the detectable warnings at street crossings use a different color and texture from those at transit platforms and tactile guide strips.",,AwarenessUnderstandingWellness,Design DevelopmentSpecifications,1,4,2 Credits: Implement 6 of 10      |      1 Credit: Implement 5 of 10,Fig_879.png,Detectable warnings,"Two drawings depicting detectable warnings. Both are yellow, with tactile domes, but the dome size and spacing varies between the two. One is labeled texture at street crossing, and the other labeled ",Latest Version,,,,,,,,,,,,
192,74,5.4.6,H2,5,Site,15,4,Street Crossings,2,0,,0,6,Street crossings located at signaled intersections have pedestrian crossing signals with visual countdown displays and audible beacons.,,AwarenessWellness,Specifications,1,4,2 Credits: Implement 6 of 10      |      1 Credit: Implement 5 of 10,Fig_74.png,Pedestrian crossing signal with countdown timer,Photograph of a street crossing with a pedestrian crossing signal. The graphic of a person illuminated in white indicates it is safe to cross the street and the number 25 indicates the number of secon,Latest Version,,,,,,,,,,,,
193,76,5.4.7,H2,5,Site,15,4,Street Crossings,2,0,,0,7,Street crossings located at signaled intersections have cycle times appropriate for slow moving pedestrians.,,ComfortWellness,Specifications,1,4,2 Credits: Implement 6 of 10      |      1 Credit: Implement 5 of 10,,,,,,,,,,,,,,,,
194,77,5.4.8,H2,5,Site,15,4,Street Crossings,2,0,,0,8,"Where a shoulder is provided on one or both sides of a street, curb extensions (bulb outs) are provided at all pedestrian crossing areas along the street.",,ComfortWellness,Design Development,1,4,2 Credits: Implement 6 of 10      |      1 Credit: Implement 5 of 10,Fig_77.png,Curb extensions,"Drawing depicting one corner at a vehicular intersection. The streets approaching the intersection have parking lanes, and an adjacent sidewalk. The parking lane ends shortly before the intersection, ",Latest Version,,,,,,,,,,,,
195,78,5.4.9,H2,5,Site,15,4,Street Crossings,2,0,,0,9,"Where three or more vehicular travel lanes are provided on a street, refuge islands are provided at all pedestrian crossing areas along the street.",,ComfortWellness,Schematic DesignDesign Development,1,4,2 Credits: Implement 6 of 10      |      1 Credit: Implement 5 of 10,Fig_73A_78A.png,Street crossing with a refuge island,Photograph of a refuge island that provides pedestrians with a safe space to rest while crossing a wide street. ,Latest Version,Fig_78B.png,Street crossing with a refuge island,Plan drawing of a refuge island that provides pedestrians with a safe space to rest while crossing the street. ,Latest Version,,,,,,,,
196,836,5.4.10,H2,5,Site,15,4,Street Crossings,2,0,,0,10,All street crossings are directly illuminated with electric lighting.,,AwarenessWellness,Design DevelopmentSpecifications,1,4,2 Credits: Implement 6 of 10      |      1 Credit: Implement 5 of 10,,,,,,,,,,,,,,,,
197,63,5.5.1,H2,5,Site,15,5,Bicycle Routes,1,0,,0,1,Bicycle routes are provided on and form a continuous network throughout the site.,,WellnessComfort,Schematic DesignDesign Development,1,5,1 Credit: Implement 1 of 3,,,,,,,,,,,,,,,,
198,922,5.5.2,H2,5,Site,15,5,Bicycle Routes,1,0,,0,2,Bicycle routes have paved connections to pedestrian routes at all bicycle parking areas and building entrances.,,WellnessSocial Integration,Schematic DesignDesign Development,1,5,1 Credit: Implement 1 of 3,,,,,,,,,,,,,,,,
199,65,5.5.3,H2,5,Site,15,5,Bicycle Routes,1,0,,0,3,"All bicycle routes have lanes marked for traffic in opposing directions, and where combined with a pedestrian route, another lane marked for pedestrians only.",,Wellness,Schematic DesignDesign Development,1,5,1 Credit: Implement 1 of 3,Fig_65A.png,Two-way dedicated path shared between bicycles and pedestrians.,"Photograph of a bicycle path marked with double yellow line and arrows to separate the direction of travel, and bicycle and pedestrian pictograms, and crosswalk.",Latest Version,Fig_65B.png,Bicycle route width,"Plan view drawings of bicycle route width in 3 situations. 1. Two-way bicycle travel 48 inches minimum width per lane (1,220 millimeters). 2. Bicycle lane combined with vehicular way. Vehicular travel",Latest Version,,,,,,,,
200,80,5.6.1,H2,5,Site,15,6,Transit Stops,2,0,,0,1,All transit stops have signs indicating routes served.,Required,AwarenessUnderstanding,OperationsSpecifications,1,6,2 Credits: Implement 7 of 13      |      1 Credit: Implement 6 of 13,Fig_80.png,Transit route navigation information,"Photograph of transit shelter with digital display of upcoming bus numbers, routes, and expected arrival time, as well as a large route map and schedule.",Latest Version,,,,,,,,,,,,
201,81,5.6.2,H2,5,Site,15,6,Transit Stops,2,0,,0,2,"All transit stops provide information for orientation and/or navigation (e.g., route maps, schedules, local area maps, directories, etc.).",Required,AwarenessUnderstanding-,Operations,1,6,2 Credits: Implement 7 of 13      |      1 Credit: Implement 6 of 13,Fig_81A.png,Transit stop information and resources,Photograph of transit shelter with area map and additional information.,Latest Version,Fig_81B.png,Transit stop information and resources,Photograph of transit shelter with area map and additional information.,Latest Version,,,,,,,,
202,89,5.6.3,H2,5,Site,15,6,Transit Stops,2,0,,0,3,All transit stops have electric lighting.,Required,Awareness-Wellness,Design DevelopmentSpecifications,1,6,2 Credits: Implement 7 of 13      |      1 Credit: Implement 6 of 13,,,,,,,,,,,,,,,,
203,79,5.6.4,H2,5,Site,15,6,Transit Stops,2,0,,0,4,All transit stops are located close enough to a primary entrance that the stop and pedestrian route to the stop are visible from the entrance doors.,,Comfort-,Schematic DesignDesign Development,1,6,2 Credits: Implement 7 of 13      |      1 Credit: Implement 6 of 13,,,,,,,,,,,,,,,,
204,880,5.6.5,H2,5,Site,15,6,Transit Stops,2,0,,0,5,"Where transit stops have raised platforms, barriers are provided along the platform edges, with automatically-opening doors that align with transit vehicle doors.",,AwarenessWellness,Design DevelopmentSpecifications,1,6,2 Credits: Implement 7 of 13      |      1 Credit: Implement 6 of 13,,,,,,,,,,,,,,,,
205,899,5.6.6,H2,5,Site,15,6,Transit Stops,2,0,,0,6,"Where transit stops have raised platforms, and where street crossings or tactile guide strips are provided on the site, the detectable warnings at platform edges have a different color and texture from those at tactile guide strips and street crossings.",,AwarenessWellness,Design DevelopmentSpecifications,1,6,2 Credits: Implement 7 of 13      |      1 Credit: Implement 6 of 13,,,,,,,,,,,,,,,,
206,91,5.6.7,H2,5,Site,15,6,Transit Stops,2,0,,0,7,"Selected transit stops protect users from the sun, wind, and inclement weather with a shelter providing sufficient space to enter, wait, and exit, including people who use wheeled mobility devices, and people with luggage, strollers, and shopping carts.",,ComfortBody FitWellnessCultural Appropriateness,Schematic DesignDesign Development,1,6,2 Credits: Implement 7 of 13      |      1 Credit: Implement 6 of 13,Fig_91.png,Transit shelter,"Plan drawing of a transit shelter with seating inside and outside the shelter, and space for two wheelchair users and suitcases that do not block access through the shelter.",Latest Version,,,,,,,,,,,,
207,92,5.6.8,H2,5,Site,15,6,Transit Stops,2,0,,0,8,"Where transit shelters are provided, they are equipped with active climate control measures.",,ComfortCultural Appropriateness,Specifications,1,6,2 Credits: Implement 7 of 13      |      1 Credit: Implement 6 of 13,,,,,,,,,,,,,,,,
208,86,5.6.9,H2,5,Site,15,6,Transit Stops,2,0,,0,9,"All transit stops have seating, and where a shelter is provided, seating is located both inside and outside the shelter.",,ComfortPersonalization,Specifications,1,6,2 Credits: Implement 7 of 13      |      1 Credit: Implement 6 of 13,Fig_86.png,Transit stop seating,"Plan drawing of a transit shelter with seating inside and outside the shelter, and space for two wheelchair users and suitcases that do not block access through the shelter.",Latest Version,,,,,,,,,,,,
209,88,5.6.10,H2,5,Site,15,6,Transit Stops,2,0,,0,10,"All transit stops provide a direct view of oncoming transit vehicles and at least a 270-degree field of vision, including from within any shelter.",,Awareness-,Design Development,1,6,2 Credits: Implement 7 of 13      |      1 Credit: Implement 6 of 13,,,,,,,,,,,,,,,,
210,87,5.6.11,H2,5,Site,15,6,Transit Stops,2,0,,0,11,All transit stops have a leaning bar.,,ComfortPersonalization,Specifications,1,6,2 Credits: Implement 7 of 13      |      1 Credit: Implement 6 of 13,Fig_87.png,Leaning bar,"Photograph of a leaning bar. The metal bar is slightly below waist height, angled at about 45 degrees.",Latest Version,,,,,,,,,,,,
211,83,5.6.12,H2,5,Site,15,6,Transit Stops,2,0,,0,12,All transit stops are signed and marked to discourage illegal parking.,,WellnessBody FitAwareness,OperationsSpecifications,1,6,2 Credits: Implement 7 of 13      |      1 Credit: Implement 6 of 13,Fig_83.png,Bus stop with ground markings and sign indicating parking restrictions,Plan view drawing of bus stop with ground markings and sign indicating parking restrictions.,Latest Version,,,,,,,,,,,,
212,90,5.6.13,H2,5,Site,15,6,Transit Stops,2,0,,0,13,Selected transit stops provide public wireless internet access.,,AwarenessUnderstandingPersonalization-,Operations,1,6,2 Credits: Implement 7 of 13      |      1 Credit: Implement 6 of 13,,,,,,,,,,,,,,,,
213,651,5.7.1.1,H3,5,Site,15,7,Parking,3,1,Parking Facilities,2,1,All parking facilities have electric lighting.,Required,WellnessAwareness,Design DevelopmentSpecifications,1,1,2 Credits: Implement 7 of 13      |      1 Credit: Implement 6 of 13,,,,,,,,,,,,,,,,
214,745,5.7.1.2,H3,5,Site,15,7,Parking,3,1,Parking Facilities,2,2,All parking facilities have a continuous network of pedestrian routes with marked crossings at all intersections with a vehicular way.,,WellnessAwareness,Schematic DesignDesign Development,1,1,2 Credits: Implement 7 of 13      |      1 Credit: Implement 6 of 13,Fig_745.png,"Plan drawing of two parking lots and associated building. Lines indicate the path of travel pedestrians take to access the building from the parking area. One, marked with a green check mark has a sid",,Latest Version,,,,,,,,,,,,
215,96,5.7.1.3,H3,5,Site,15,7,Parking,3,1,Parking Facilities,2,3,Parking capacity is based on a study of needs that accounts for any on-street parking and considers sharing strategies with any adjacent properties.,,Cultural Appropriateness,Schematic DesignInitiate,1,1,2 Credits: Implement 7 of 13      |      1 Credit: Implement 6 of 13,,,,,,,,,,,,,,,,
216,117,5.7.1.4,H3,5,Site,15,7,Parking,3,1,Parking Facilities,2,4,"Parking is provided for transportation alternatives to automobiles (e.g., bicycles, scooters, or motorcycles).",,--WellnessCultural Appropriateness,Schematic DesignDesign Development,1,1,2 Credits: Implement 7 of 13      |      1 Credit: Implement 6 of 13,Fig_117A.png,Bicycle storage racks,"Photograph of standard bars for bicycle storage, stylized as wavy lines.",Latest Version,Fig_117B.png,Examples of locations for alternate transportation,"Site plan of a building along a street. There is a parking lot across the street, with several crosswalks. The building has a plaza with benches and vegetation. Orange symbols indicate the building en",Latest Version,,,,,,,,
217,118,5.7.1.5,H3,5,Site,15,7,Parking,3,1,Parking Facilities,2,5,Parking facilities have a shelter covering some portions of each form of automobile and alternative transportation provided on the site.,,Comfort-WellnessCultural Appropriateness,Schematic DesignDesign Development,1,1,2 Credits: Implement 7 of 13      |      1 Credit: Implement 6 of 13,Fig_118A.png,Covered bicycle storage,"Photograph of a covered bicycle storage area. In profile, storage is a half circle, with bicycles positioned at 45 degrees. The top part of the circle is covered with plexi glass. ",Latest Version,Fig_118B.png,Covered bicycle storage,"Photograph of a covered bicycle storage area. Bicycles are stored around a circular stack, resembling a tree, with bicycles positioned at 45 degrees. The top of the stack is covered with plexi glass, ",Latest Version,,,,,,,,
218,99,5.7.1.6,H3,5,Site,15,7,Parking,3,1,Parking Facilities,2,6,"Parking facilities have some spaces near the building entrances that are reserved for specified priority parking  (e.g. expecting mothers, families with young children, carpools, electric vehicle users, etc.).",,ComfortSocial IntegrationPersonalizationWellness,Design DevelopmentOperations,1,1,2 Credits: Implement 7 of 13      |      1 Credit: Implement 6 of 13,,,,,,,,,,,,,,,,
219,101,5.7.1.7,H3,5,Site,15,7,Parking,3,1,Parking Facilities,2,7,"All parking facilities have marked spaces, which are regularly re-striped to prevent fading.",,AwarenessUnderstanding,OperationsSpecifications,1,1,2 Credits: Implement 7 of 13      |      1 Credit: Implement 6 of 13,,,,,,,,,,,,,,,,
220,103,5.7.1.8,H3,5,Site,15,7,Parking,3,1,Parking Facilities,2,8,Parking facilities have a designated space to store snow that does not obstruct any circulation spaces or priority parking spaces.,,ComfortWellnessCultural Appropriateness,Design DevelopmentOperations,1,1,2 Credits: Implement 7 of 13      |      1 Credit: Implement 6 of 13,Fig_103.png,Designated snow storage areas ,"Plan view drawing of parking lot with priority parking spaces on one side, with additional parking spaces on two other sides, and street with entrance and exit on fourth side. Sides without priority p",Latest Version,,,,,,,,,,,,
221,104,5.7.1.9,H3,5,Site,15,7,Parking,3,1,Parking Facilities,2,9,"Parking facilities are divided into zones uniquely coded with numbers, letters, colors, or symbols.",,AwarenessUnderstanding,Design DevelopmentSpecificationsOperations,1,1,2 Credits: Implement 7 of 13      |      1 Credit: Implement 6 of 13,Fig_104.png,Example of parking zone memory aids,"Diagram of a series of color-coded and numbered pictograms as follows: 1, red, kangaroo, 2, purple, bison, 3, green, turtle, and 4, blue, swordfish. Another diagram represents these as signs on a pole",Latest Version,,,,,,,,,,,,
222,105,5.7.1.10,H3,5,Site,15,7,Parking,3,1,Parking Facilities,2,10,"Parking facilities have variable message signs indicating location of available spaces, including accessible spaces, and/or such information is available on a mobile device (e.g., phone application, phone-friendly website, etc.).",,AwarenessUnderstanding,OperationsSpecifications,1,1,2 Credits: Implement 7 of 13      |      1 Credit: Implement 6 of 13,,,,,,,,,,,,,,,,
223,106,5.7.1.11,H3,5,Site,15,7,Parking,3,1,Parking Facilities,2,11,Parking facilities have computerized parking systems that automatically adjust the number of priority spaces to meet demand.,,Comfort,OperationsSpecifications,1,1,2 Credits: Implement 7 of 13      |      1 Credit: Implement 6 of 13,,,,,,,,,,,,,,,,
224,119,5.7.1.12,H3,5,Site,15,7,Parking,3,1,Parking Facilities,2,12,Parking facilities have charging stations available for electric vehicles.,,Comfort,OperationsSpecifications,1,1,2 Credits: Implement 7 of 13      |      1 Credit: Implement 6 of 13,,,,,,,,,,,,,,,,
225,841,5.7.1.13,H3,5,Site,15,7,Parking,3,1,Parking Facilities,2,13,All accessible parking spaces are also van accessible.,,Body Fit,OperationsDesign Development,0,1,2 Credits: Implement 7 of 13      |      1 Credit: Implement 6 of 13,,,,,,,,,,,,,,,,
226,110,5.7.2.1,H3,5,Site,15,7,Parking,3,2,Parking Payment Systems,1,1,All parking payment systems do not require returning to vehicle after paying.,,Comfort,OperationsSpecifications,1,2,1 Credit: Implement 1 of 6,,,,,,,,,,,,,,,,
227,112,5.7.2.2,H3,5,Site,15,7,Parking,3,2,Parking Payment Systems,1,2,"Payment transaction machines permit payment prior to returning to vehicle, and are located on all pedestrian routes entering and exiting the parking facility.",,ComfortPersonalization-,Design DevelopmentOperationsSpecifications,1,2,1 Credit: Implement 1 of 6,Fig_112.png,Parking payment sequence,Plan view drawing of parking lot with pedestrian sidewalk and toll barriers at combined entrance and exit to lot. Numbered steps establish the sequence of payment. 1. Push button to get ticket at toll,Latest Version,,,,,,,,,,,,
228,111,5.7.2.3,H3,5,Site,15,7,Parking,3,2,Parking Payment Systems,1,3,All parking payment systems allow online payment.,,Personalization,OperationsSpecifications,1,2,1 Credit: Implement 1 of 6,,,,,,,,,,,,,,,,
229,108,5.7.2.4,H3,5,Site,15,7,Parking,3,2,Parking Payment Systems,1,4,All parking payment systems accept credit cards or smart cards in addition to cash/coin.,,Personalization,OperationsSpecifications,1,2,1 Credit: Implement 1 of 6,,,,,,,,,,,,,,,,
230,747,5.7.2.5,H3,5,Site,15,7,Parking,3,2,Parking Payment Systems,1,5,All parking payment systems have a button to call for staff assistance.,,UnderstandingWellness,OperationsSpecifications,1,2,1 Credit: Implement 1 of 6,,,,,,,,,,,,,,,,
231,113,5.7.2.6,H3,5,Site,15,7,Parking,3,2,Parking Payment Systems,1,6,A prominent sign displays current prices at all entrances to the parking facility and at all payment transaction machines.,,AwarenessUnderstanding,OperationsSpecifications,1,2,1 Credit: Implement 1 of 6,Fig_113.png,Example of parking price display,"Drawing of a sign indicating parking rates. The sign reads, Weekday rates. 0 to 2 hours:  2 dollars. 2 to 4 hours: 6 dollars, 4-8 hours: 9 dollars. 8 to 24 hours: 12 dollars. Weekday evenings. In afte",Latest Version,,,,,,,,,,,,
232,122,5.8.1,H2,5,Site,15,8,Passenger Loading and Waiting Areas,1,0,,0,1,"All passenger loading and waiting areas are positioned to not obstruct any pedestrian route, crosswalk, vehicular lane, bus loading zone, or bicycle lane.",,Wellness,Design Development,1,8,1 Credit: Implement 2 of 5,Fig_122.png,Passenger loading zone adjacent to bus loading zone,Plan view drawing of an accessible passenger loading zone adjacent to a bus loading zone.,Latest Version,,,,,,,,,,,,
233,121,5.8.2,H2,5,Site,15,8,Passenger Loading and Waiting Areas,1,0,,0,2,Passenger loading and waiting areas are provided at all primary entrances and are marked accordingly.,,ComfortAwarenessUnderstanding,Design DevelopmentSpecifications,1,8,1 Credit: Implement 2 of 5,Fig_121.png,Accessible passenger loading zone,Plan view drawing of an accessible passenger loading zone near a building entrance. The loading zone consists of a parallel parking space along a vehicular way. There is an access aisle next to the pa,Latest Version,,,,,,,,,,,,
234,923,5.8.3,H2,5,Site,15,8,Passenger Loading and Waiting Areas,1,0,,0,3,"All passenger loading and waiting areas have protection from the sun, wind, or inclement weather.",,ComfortWellnessCultural Appropriateness,Design Development,1,8,1 Credit: Implement 2 of 5,,,,,,,,,,,,,,,,
235,125,5.8.4,H2,5,Site,15,8,Passenger Loading and Waiting Areas,1,0,,0,4,"Where security limits vehicle idling at passenger loading and waiting areas (e.g., airports, etc.), a remote waiting area is also provided (e.g., mobile phone lot).",,Comfort--,Schematic DesignOperationsDesign Development,1,8,1 Credit: Implement 2 of 5,,,,,,,,,,,,,,,,
236,126,5.8.5,H2,5,Site,15,8,Passenger Loading and Waiting Areas,1,0,,0,5,"Where a remote waiting area is provided, the corresponding passenger loading and waiting area is visible from the remote waiting area (e.g., airport mobile phone lot).",,Awareness---,Schematic DesignDesign Development,1,8,1 Credit: Implement 2 of 5,,,,,,,,,,,,,,,,
237,217,6.1.1,H2,6,Rooms and Spaces,30,1,Spatial Organization,1,0,,0,1,All spaces with similar functions and noise requirements are grouped together.,,Comfort,Schematic DesignDesign Development,1,1,1 Credit: Implement 1 of 3,Fig_217.png,Example of building with separate zones for noisy and quiet activities,"Plan drawing diagram of a school building, color coded to represent noisy and quiet areas. The gymnasium, cafeteria, and auditorium are at one end of the building, with a library at the other. Classro",Latest Version,,,,,,,,,,,,
238,218,6.1.2,H2,6,Rooms and Spaces,30,1,Spatial Organization,1,0,,0,2,"Where programmed outdoor spaces are provided and where an indoor space with a similar function exists, all such spaces are located adjacent to their counterpart, with a direct connection between the spaces.",,Comfort-,Schematic DesignDesign Development,1,1,1 Credit: Implement 1 of 3,Fig_218.png,Outdoor dining areas adjacent to indoor dining areas,"Plan view drawing of an indoor dining area with an adjacent outdoor dining area, connected by a doorway.",Latest Version,,,,,,,,,,,,
239,215,6.1.3,H2,6,Rooms and Spaces,30,1,Spatial Organization,1,0,,0,3,The facility has flexible spaces available that can be adapted to various functional requirements.,,Cultural Appropriateness,Schematic DesignDesign Development,1,1,1 Credit: Implement 1 of 3,Fig_215.png,Room with movable dividers,Plan drawing of a meeting room. The room has built-in dividers such that it can be split into three rooms of different sizes.,Latest Version,,,,,,,,,,,,
240,959,6.2.1.1,H3,6,Rooms and Spaces,30,2,Toilet and Bathing Rooms,8,1,General Toilet and Bathing Facility Features,1,1,"All toilet and bathing facilities are configured in one of the following arrangements: 1) clusters of single-user gender-neutral rooms; 2) a gender-neutral room with shared lavatories and private toilet and bathing compartments; or 3) clusters of three or more rooms consisting of at least one gender-neutral room, a men's room, and a women's room.",,Body FitWellness,Design Development,1,1,2 Credits: Implement 9 of 13      |      1 Credit: Implement 7 of 13,Fig_959A.png,Option 1: Single-user toilet room,"Plan drawing of a room with a single toilet and lavatory, with child-care amenities.",Under Development,Fig_959B.png,Option 2: Multiple-user gender neutral toilet room with full-height compartment partitions,"Two drawings of a multi-user toilet room. The first is a plan drawing of the room, depicting people with different hair lengths. The room has separate toilet compartments, a room with urinals, and sha",Under Development,Fig_959C.png,"Option 3: Cluster of three toilet rooms, one men’s room, one women’s room, and one single-user room","Plan drawing of three toilet rooms. One room contains toilet compartments and urinals. Another contains multiple toilet compartments and no urinals. The third has a single toilet and lavatory, with ch",Under Development,,,,
241,418,6.2.1.2,H3,6,Rooms and Spaces,30,2,Toilet and Bathing Rooms,8,1,General Toilet and Bathing Facility Features,1,2,"All toilet and bathing facility fixtures, equipment, and trash receptacles do not cause pinch points in circulation space.",Required,Body FitWellness,Design Development,1,1,2 Credits: Implement 9 of 13      |      1 Credit: Implement 7 of 13,Fig_418.png,Pinch points,Drawing depicts a corridor with two trash receptacles. One reduces the corridor width to 36 inches minimum (915 millimeters). It is marked with a green check mark. The other reduces the width to 32 in,Latest Version,,,,,,,,,,,,
242,419,6.2.1.3,H3,6,Rooms and Spaces,30,2,Toilet and Bathing Rooms,8,1,General Toilet and Bathing Facility Features,1,3,"All toilet and bathing facility fixtures, equipment, and trash receptacles are organized by order of use, or are usable from one location.",,AwarenessUnderstanding,Design Development,1,1,2 Credits: Implement 9 of 13      |      1 Credit: Implement 7 of 13,Fig_419.png,Sequence of toilet room fixture use,"Drawing depicts a toilet room with toilet compartments, lavatories, and a hand dryer with built in trash receptacle. A line plots the sequence of use from the toilet to the sink, then hand dryer and t",Latest Version,,,,,,,,,,,,
243,420,6.2.1.4,H3,6,Rooms and Spaces,30,2,Toilet and Bathing Rooms,8,1,General Toilet and Bathing Facility Features,1,4,Selected toilet and bathing facilities have space for a waiting queue inside or outside the space is commensurate with the number of fixtures and does not conflict with circulation spaces.,,Body FitComfort-,Design Development,1,1,2 Credits: Implement 9 of 13      |      1 Credit: Implement 7 of 13,Fig_420.png,Toilet room waiting queue,Plan drawing of a toilet room. The drawing depicts 4 occupied toilet compartments and 4 people waiting in a line. A hatched area indicates a path of travel that is not obstructed by those waiting in l,Latest Version,,,,,,,,,,,,
244,962,6.2.1.5,H3,6,Rooms and Spaces,30,2,Toilet and Bathing Rooms,8,1,General Toilet and Bathing Facility Features,1,5,"Where toilet and bathing facilities have a waiting queue, seating that does not conflict with circulation spaces is available.",,Body FitComfort-,Design Development,1,1,2 Credits: Implement 9 of 13      |      1 Credit: Implement 7 of 13,Fig_962.png,Seating in waiting area,Plan drawing of a cluster of toilet rooms. There is a person sitting on a bench outside the room. A hatched area indicates a path of travel that is not obstructed by the person sitting on the bench.,Under Development,,,,,,,,,,,,
245,435,6.2.1.6,H3,6,Rooms and Spaces,30,2,Toilet and Bathing Rooms,8,1,General Toilet and Bathing Facility Features,1,6,"Where toilet and bathing facilities are gender-neutral, a sign is provided outside the room with text and pictograms representing the toilet and/or bathing fixtures in the room, in lieu of conventional representations of a man and woman.",,Awareness-Understanding,Specifications,1,1,2 Credits: Implement 9 of 13      |      1 Credit: Implement 7 of 13,Fig_435.png,"Drawings of three toilet room signs. The sign on the left is marked with a red X and features two stick figures, one depicted as wearing a dress or skirt, accompanied by the international symbol of ac","Drawings of three toilet room signs. The sign on the left is marked with a red X and features two stick figures, one depicted as wearing a dress or skirt, accompanied by the international symbol of ac",Under Development,,,,,,,,,,,,
246,426,6.2.1.7,H3,6,Rooms and Spaces,30,2,Toilet and Bathing Rooms,8,1,General Toilet and Bathing Facility Features,1,7,All toilet and bathing facilities have a full-height mirror that is visible to all users before they exit the facilities.,,Body FitWellness,Design DevelopmentSpecifications,1,1,2 Credits: Implement 9 of 13      |      1 Credit: Implement 7 of 13,Fig_426.png,Full-height mirror,Two drawings: One plan view of a person standing in front of a mirror positioned such that the person passes it on exit of the restroom. The other is a elevation depicting the mirror extending nearly ,Latest Version,,,,,,,,,,,,
247,440,6.2.1.8,H3,6,Rooms and Spaces,30,2,Toilet and Bathing Rooms,8,1,General Toilet and Bathing Facility Features,1,8,"All toilet and bathing facilities have at least one changing table with an adjacent lavatory, diaper receptacle, and some supplies (e.g., hand sanitizer, baby wipes, baby powder, and/or diapers) located in a shared area.",,Wellness-,Design DevelopmentSpecifications,1,1,2 Credits: Implement 9 of 13      |      1 Credit: Implement 7 of 13,Fig_440A.png,"Baby changing station with adjacent sink, securement strap, and trash receptacle","Photograph of a built-in baby changing station with knee clearance, an adjacent sink, securement strap, and trash receptacle.",Latest Version,Fig_440B.png,Baby changing station with adjacent sink,Photograph of a built-in baby changing station with knee clearance and an adjacent sink.,Latest Version,Fig_440C.png,Clear floor space as baby changing station,Drawing of a single user toilet room with a folding baby changing station with a clear floor space positioned for forward approach to the changing station.,Latest Version,,,,
248,961,6.2.1.9,H3,6,Rooms and Spaces,30,2,Toilet and Bathing Rooms,8,1,General Toilet and Bathing Facility Features,1,9,"Where toilet and bathing facilities provide diaper changing stations, needle disposal, child or companion seating, or other convenience features, a sign is provided outside the room indicating the presence of such features.",,Awareness-Understanding,Specifications,1,1,2 Credits: Implement 9 of 13      |      1 Credit: Implement 7 of 13,Fig_961.png,This sign lets people know that the room is accessible and includes a baby changing station. The  design allows other icons to be included as necessary. ,Drawings of three toilet room signs. The signs have white characters on a dark gray field with Braille characters accompanying text. The sign on the left is marked with a red X and features two stick ,Latest Version,,,,,,,,,,,,
249,428,6.2.1.10,H3,6,Rooms and Spaces,30,2,Toilet and Bathing Rooms,8,1,General Toilet and Bathing Facility Features,1,10,All toilet and bathing facilities have ventilation systems activated by a presence sensor.,,ComfortWellness,SpecificationsDesign Development,1,1,2 Credits: Implement 9 of 13      |      1 Credit: Implement 7 of 13,,,,,,,,,,,,,,,,
250,429,6.2.1.11,H3,6,Rooms and Spaces,30,2,Toilet and Bathing Rooms,8,1,General Toilet and Bathing Facility Features,1,11,All toilet and bathing facilities have hypoallergenic deodorizing systems.,,Wellness,SpecificationsOperations,1,1,2 Credits: Implement 9 of 13      |      1 Credit: Implement 7 of 13,,,,,,,,,,,,,,,,
251,427,6.2.1.12,H3,6,Rooms and Spaces,30,2,Toilet and Bathing Rooms,8,1,General Toilet and Bathing Facility Features,1,12,All gender-neutral and all women's toilet and bathing rooms have personal hygiene supplies or dispensers.,,Wellness,Design DevelopmentSpecifications,1,1,2 Credits: Implement 9 of 13      |      1 Credit: Implement 7 of 13,,,,,,,,,,,,,,,,
252,444,6.2.1.13,H3,6,Rooms and Spaces,30,2,Toilet and Bathing Rooms,8,1,General Toilet and Bathing Facility Features,1,13,All toilet and bathing facilities have a clear floor space on at least one side of all toilets.,,Body Fit,Design Development,1,1,2 Credits: Implement 9 of 13      |      1 Credit: Implement 7 of 13,Fig_444.png,All toilets are accessible,"Plan drawing of a toilet room, depicting three compartments, each with space to the side of the toilet, and with one compartment larger than the others. A table indicates a minimum compartment width, ",Latest Version,,,,,,,,,,,,
253,960,6.2.2.1,H3,6,Rooms and Spaces,30,2,Toilet and Bathing Rooms,8,2,Private Toilet and Bathing Rooms/Compartments,1,1,"All private toilet and bathing rooms and compartments have walls or partitions that extend all the way to the floor and ceiling, and have a device that prevents visibility through any gaps such as those at corners and doorways.",,AwarenessUnderstanding,Design Development,1,2,1 Credit: Implement 4 of 12,,,,,,,,,,,,,,,,
254,459,6.2.2.2,H3,6,Rooms and Spaces,30,2,Toilet and Bathing Rooms,8,2,Private Toilet and Bathing Rooms/Compartments,1,2,"Where a private toilet and bathing room or compartment is not legally required to be accessible, all such rooms and compartments are designed as ambulatory toilet compartments with grab bars on both sides of the toilet.",,Body FitWellness,Design DevelopmentSpecifications,1,2,1 Credit: Implement 4 of 12,Fig_459.png,Ambulatory toilet compartments,"Drawing of ambulatory toilet compartment with grab bars on both sides of the toilet. The compartment is 60 inches deep and 35 to 37 inches wide (1,525 millimeters deep by 890 to 940 wide). A note indi",Latest Version,,,,,,,,,,,,
255,438,6.2.2.3,H3,6,Rooms and Spaces,30,2,Toilet and Bathing Rooms,8,2,Private Toilet and Bathing Rooms/Compartments,1,3,"Where a private toilet and bathing room or compartment is not legally required to be accessible, at least one room or compartment has a clear floor space and swing up-grab bar on both sides of the toilet.",,Body Fit,Design DevelopmentSpecifications,1,2,1 Credit: Implement 4 of 12,Fig_438A_460A.png,Toilet compartment with swing up grab bars,Photograph of a toilet room with space and swing up grab bars on both sides of the toilet.,Latest Version,Fig_438B.png,Toilet compartment with swing up grab bars,Plan view drawing of toilet room with space and swing up grab bars on both sides of the toilet.,Latest Version,,,,,,,,
256,436,6.2.2.4,H3,6,Rooms and Spaces,30,2,Toilet and Bathing Rooms,8,2,Private Toilet and Bathing Rooms/Compartments,1,4,"All private toilet and bathing rooms and compartments display a sign indicating the facility is occupied when the door is locked, and indicating vacancy when unlocked.",,AwarenessUnderstanding,Specifications,1,2,1 Credit: Implement 4 of 12,Fig_436.png,Signs indicating room occupancy status,Drawing of two lever style door handles. Above each handle is a sign. One is green with an unlocked padlock icon. The other is red with a locked padlock icon.,Latest Version,,,,,,,,,,,,
257,446,6.2.2.5,H3,6,Rooms and Spaces,30,2,Toilet and Bathing Rooms,8,2,Private Toilet and Bathing Rooms/Compartments,1,5,"All private toilet and bathing rooms and compartments have storage hooks, shelves, or lockers within the private area, or outside the private area if securable.",,WellnessComfort,Design DevelopmentSpecifications,1,2,1 Credit: Implement 4 of 12,Fig_446A.png,Shelf in toilet compartment (non-accessible compartment),Photograph of a shelf on the side wall in a non accessible toilet compartment.,Latest Version,Fig_446B.png,Storage options,"Drawing of a women's toilet room that has 2 accessible compartments, 4 inaccessible compartments, and 4 lavatories. The drawing highlights storage locations, including storage hooks on backs of compar",Latest Version,,,,,,,,
258,765,6.2.2.6,H3,6,Rooms and Spaces,30,2,Toilet and Bathing Rooms,8,2,Private Toilet and Bathing Rooms/Compartments,1,6,All private toilet and bathing rooms and compartments have trash receptacles within the private area.,,Wellness,Design DevelopmentSpecifications,1,2,1 Credit: Implement 4 of 12,Fig_765.png,Waste receptacle in toilet compartment,Drawing of a waste receptacle attached to the toilet compartment partition wall.,Latest Version,,,,,,,,,,,,
259,445,6.2.2.7,H3,6,Rooms and Spaces,30,2,Toilet and Bathing Rooms,8,2,Private Toilet and Bathing Rooms/Compartments,1,7,"In shared toilet and bathing rooms, selected private compartments have a lavatory and mirror within the private area.",,Body FitWellness,Design DevelopmentSpecifications,1,2,1 Credit: Implement 4 of 12,Fig_445.png,Toilet compartment with lavatory and mirror within,Drawing depicting toilet compartment with lavatory and mirror.,Latest Version,,,,,,,,,,,,
260,763,6.2.2.8,H3,6,Rooms and Spaces,30,2,Toilet and Bathing Rooms,8,2,Private Toilet and Bathing Rooms/Compartments,1,8,Selected private toilet and bathing rooms or compartments have protective containers for disposal of sharp needles within the private area.,,Wellness,SpecificationsOperations,1,2,1 Credit: Implement 4 of 12,Fig_763.png,Sharps container,"Drawing of a container with a biohazard icon, and viewing window to provide notice the container is nearing full. An arrow indicates sharp needles are to be inserted into the top of the container.",Latest Version,,,,,,,,,,,,
261,439,6.2.2.9,H3,6,Rooms and Spaces,30,2,Toilet and Bathing Rooms,8,2,Private Toilet and Bathing Rooms/Compartments,1,9,Selected private toilet and bathing rooms or compartments have an auxiliary child seat with a securement system within the private area.,,Wellness,Specifications,1,2,1 Credit: Implement 4 of 12,Fig_439A.png,Auxiliary child seat,Photograph of a toilet compartment with a child seat that has securement straps mounted on the wall adjacent to the toilet.,Latest Version,Fig_439B.png,Auxiliary child seat closed (left) and open (right),"Photograph of a child seat with securement straps mounted on the wall, depicted in both closed, and folded open positions.",Latest Version,,,,,,,,
262,432,6.2.2.10,H3,6,Rooms and Spaces,30,2,Toilet and Bathing Rooms,8,2,Private Toilet and Bathing Rooms/Compartments,1,10,Selected private toilet and bathing rooms or compartments have an emergency two-way communication system within the private area.,,Wellness,OperationsSpecifications,1,2,1 Credit: Implement 4 of 12,Fig_432.png,Emergency assistance pull-cable,"Drawing of a toilet compartment with a cable mounted on the side wall within reach of the toilet seat, and a speaker.",Under Development,,,,,,,,,,,,
263,447,6.2.2.11,H3,6,Rooms and Spaces,30,2,Toilet and Bathing Rooms,8,2,Private Toilet and Bathing Rooms/Compartments,1,11,"Where private toilet and bathing rooms and compartments are provided in transportation stations or terminals, all such rooms and compartments are deep enough to accommodate luggage and parcels.",,Body FitCultural Appropriateness,Design Development,1,2,1 Credit: Implement 4 of 12,Fig_447.png,Ambulatory toilet compartment deep enough to accommodate carry-on luggage,Drawing depicting an ambulatory toilet compartment with a standing person and  luggage sized for typical carry on use: 9 by 14 inches (230 by 355 millimeters). The compartment is dimensioned as 72 inc,Latest Version,,,,,,,,,,,,
264,452,6.2.3.1,H3,6,Rooms and Spaces,30,2,Toilet and Bathing Rooms,8,3,Toilets,1,1,"Toilets are available on the premises with two differing seat heights, or at least one toilet has an adjustable seat height (without the use of after-market removable risers).",,Body Fit,SpecificationsDesign Development,1,3,1 Credit: Implement 2 of 5,Fig_452A.png,Toilet with multiple stacked seats,Photograph of a toilet with multiple folding seats. The seats all fold on top of one another resulting in a taller overall seat.,Latest Version,Fig_452B.png,Toilet seat heights,"Two drawings: One depicts two toilets in separate compartments. One toilet seat height is 17 to 19 inches (430 to 485 millimeters), with a note that at least one toilet is required by code. The other ",Latest Version,,,,,,,,
265,887,6.2.3.2,H3,6,Rooms and Spaces,30,2,Toilet and Bathing Rooms,8,3,Toilets,1,2,All toilets have touchless flush controls (automatic or non-automatic).,,WellnessComfortBody Fit,Specifications,1,3,1 Credit: Implement 2 of 5,Fig_887.png,Toilet with automatic flush control,"Plan view drawings of two toilets, each with radiating lines indicating a motion sensor. One drawing depicts a sitting person obstructing the sensor, the other a standing person, not obstructing the s",Latest Version,,,,,,,,,,,,
266,641,6.2.3.3,H3,6,Rooms and Spaces,30,2,Toilet and Bathing Rooms,8,3,Toilets,1,3,All toilets with touchless flush controls sense the minimum water volume necessary for flush.,,ComfortWellness,Specifications,1,3,1 Credit: Implement 2 of 5,,,,,,,,,,,,,,,,
267,888,6.2.3.4,H3,6,Rooms and Spaces,30,2,Toilet and Bathing Rooms,8,3,Toilets,1,4,"Where manual toilet flush controls are provided, their operation is intuitive or they are labeled to indicate proper operation.",,AwarenessUnderstanding,Specifications,1,3,1 Credit: Implement 2 of 5,Fig_888.png,Toilet flush controls,"A red X marks a front and plan view of a toilet, for which the flush controls are not visible in elevation, and are located centered on top of the toilet, via a push button split into two halves. A gr",Latest Version,,,,,,,,,,,,
268,453,6.2.3.5,H3,6,Rooms and Spaces,30,2,Toilet and Bathing Rooms,8,3,Toilets,1,5,"All toilets have either a disposable protective barrier dispenser mounted forward of the toilet bowl, an automated protective seat barrier, or are otherwise sanitized after each use by an automatic cleaning system.",,Wellness,SpecificationsDesign Development,1,3,1 Credit: Implement 2 of 5,Fig_453.png,"On the left is a dispenser of toilet seat covers, on the right is an automated sanitizing system",Drawing of two toilet compartments. One has a dispenser for a disposable seat protector mounted forward of the toilet bowl. The other has a box with sanitizer with a tub connecting to the toilet seat.,Latest Version,,,,,,,,,,,,
269,456,6.2.4.1,H3,6,Rooms and Spaces,30,2,Toilet and Bathing Rooms,8,4,Urinals,1,1,All urinals are positioned such that the user clear floor spaces do not obstruct the circulation route to any other fixture.,Required,Body FitSocial Integration,Design Development,1,4,1 Credit: Implement 4 of 6,Fig_456.png,Clear floor space for urinal outside circulation space,Plan view drawing of the clear floor space at a urinal that is outside of a hatched area representing the main circulation space.,Latest Version,,,,,,,,,,,,
270,455,6.2.4.2,H3,6,Rooms and Spaces,30,2,Toilet and Bathing Rooms,8,4,Urinals,1,2,"In multi-user toilet rooms, either a wall or modesty panel is provided on each side of all urinals, positioned to allow a clear floor space for a single wheelchair user at each urinal.",,Body FitComfort,Design Development,1,4,1 Credit: Implement 4 of 6,Fig_455A.png,Modesty panels at urinals,Photograph of 4 urinals with a partial height divider between each urinal and at the end of the row.,Latest Version,Fig_455B.png,Modesty panels at urinals,Photograph of 3 urinals with a partial height divider between each urinal and at the end of the row.,Latest Version,Fig_455C.png,Urinal clear floor width,Plan view drawing of two urinals next to a lavatory. A divider separates the first urinal from the adjacent urinal and lavatory. The drawing depicts a minimum width between the panels as 32 or 34 inch,Latest Version,,,,
271,461,6.2.4.3,H3,6,Rooms and Spaces,30,2,Toilet and Bathing Rooms,8,4,Urinals,1,3,Selected urinals have grab bars.,,Body FitWellnessComfort,Specifications,1,4,1 Credit: Implement 4 of 6,Fig_461.png,Urinal grab bar positions,"Elevation drawing of a urinal with two vertical grab bars on the side and one horizontal grab bar above. The drawing depicts the horizontal grab bar as 24 inches minimum (610 millimeters), and the ver",Latest Version,,,,,,,,,,,,
272,457,6.2.4.4,H3,6,Rooms and Spaces,30,2,Toilet and Bathing Rooms,8,4,Urinals,1,4,"In multi-user toilet rooms, all urinals are positioned such that people outside the toilet room cannot see any urinal when the door is open (either directly or by reflection).",,Comfort,Design Development,1,4,1 Credit: Implement 4 of 6,Fig_457.png,Bathroom lines of sight,Plan view drawing of a restroom with a maze entrance. Urinals are positioned such that sight lines drawn from three people in various positions outside the room do not connect to the urinal.,Latest Version,,,,,,,,,,,,
273,449,6.2.4.5,H3,6,Rooms and Spaces,30,2,Toilet and Bathing Rooms,8,4,Urinals,1,5,All urinals have touchless flush controls.,,WellnessComfortBody Fit,Specifications,1,4,1 Credit: Implement 4 of 6,Fig_449A.png,Automatic flush control on urinal,Photograph of a urinal with no flush lever and a motion sensor.,Latest Version,Fig_449B.png,Automatic flush control on urinal,Drawing of a urinal with no flush lever and a motion sensor.,Latest Version,,,,,,,,
274,450,6.2.4.6,H3,6,Rooms and Spaces,30,2,Toilet and Bathing Rooms,8,4,Urinals,1,6,All urinals do not require flushing due to the use of a waterless fixture.,,Body FitWellnessComfort,Specifications,1,4,1 Credit: Implement 4 of 6,,,,,,,,,,,,,,,,
275,421,6.2.5.1,H3,6,Rooms and Spaces,30,2,Toilet and Bathing Rooms,8,5,Lavatories,1,1,"Where more than one lavatory is provided in a single toilet or bathing room, lavatories are available at more than one height, or at least one lavatory is adjustable in height.",,Body FitPersonalization,Design DevelopmentSpecifications,1,5,1 Credit: Implement 3 of 4,Fig_421A.png,Height of lavatories and counters,"Section drawings of two rooms, one with an adjustable height lavatory, the other with three lavatories, one at a different height. Dimensions indicate at least one lavatory or any stationary counter i",Latest Version,Fig_421B.png,Adjustable height lavatory,"Photograph of a lavatory built into a base cabinet with knee and toe space. The face of the counter has two buttons, one with an arrow indicating up and the other indicating down.",Latest Version,Fig_421C.png,Lavatories available at more than one height,"Photograph of two lavatories next to each other, one at a higher level than the other. Both lavatories have knee clearances.",Latest Version,,,,
276,885,6.2.5.2,H3,6,Rooms and Spaces,30,2,Toilet and Bathing Rooms,8,5,Lavatories,1,2,All lavatory faucets are either automatic or are operated following a common conceptual model.,,ComfortWellnessUnderstanding,Specifications,1,5,1 Credit: Implement 3 of 4,Fig_885.png,"This faucet follows the typical convention of hot water on left and cold on right, with the hot lever off and cold on, as indicated by being parallel to the faucet.","Drawing of a faucet with two lever handles. The left handle is marked by a red flame and is off, perpendicular to the faucet. The right handle is on, parallel to the faucet and is marked by a blue sno",Latest Version,,,,,,,,,,,,
277,423,6.2.5.3,H3,6,Rooms and Spaces,30,2,Toilet and Bathing Rooms,8,5,Lavatories,1,3,All lavatory faucets give users control over the temperature.,,ComfortWellnessPersonalization,Specifications,1,5,1 Credit: Implement 3 of 4,Fig_423.png,Automatic faucet with manual temperature control lever,"Drawing of a faucet with lines indicating automatic sensor, and a lever marked with flame and snowflake on either side, indicating a manual temperature control.",Latest Version,,,,,,,,,,,,
278,424,6.2.5.4,H3,6,Rooms and Spaces,30,2,Toilet and Bathing Rooms,8,5,Lavatories,1,4,All lavatories have an adjacent storage space where items will not get wet.,,Comfort,Design DevelopmentSpecifications,1,5,1 Credit: Implement 3 of 4,Fig_424.png,,,Latest Version,,,,,,,,,,,,
279,441,6.2.6.1,H3,6,Rooms and Spaces,30,2,Toilet and Bathing Rooms,8,6,Dispensers and Hand Drying Equipment,1,1,All dispensers and hand drying equipment activate automatically.,,-ComfortBody Fit,Specifications,1,6,1 Credit: Implement 1 of 3,Fig_441.png,Automatic soap dispenser and hand dryer,Section drawing depicting a soap dispenser and automatic hand dryer with lines indicating a motion sensor as a hand is waved in the sensor area.,Latest Version,,,,,,,,,,,,
280,442,6.2.6.2,H3,6,Rooms and Spaces,30,2,Toilet and Bathing Rooms,8,6,Dispensers and Hand Drying Equipment,1,2,All dispensers and hand drying equipment electronically alert staff when low on supply.,,Wellness,OperationsSpecifications,1,6,1 Credit: Implement 1 of 3,,,,,,,,,,,,,,,,
281,764,6.2.6.3,H3,6,Rooms and Spaces,30,2,Toilet and Bathing Rooms,8,6,Dispensers and Hand Drying Equipment,1,3,At least one of each type of dispenser and hand drying equipment in each toilet and bathing room has a side approach available.,,Body Fit,Design Development,1,6,1 Credit: Implement 1 of 3,Fig_764.png,Side approach to hand drying equipment,Elevation drawing depicting a woman using a wheelchair positioned such that she is reaching to her side to access a wall-mounted hand dryer.,Latest Version,,,,,,,,,,,,
282,656,6.2.7.1,H3,6,Rooms and Spaces,30,2,Toilet and Bathing Rooms,8,7,Shower and Bathing Areas,1,1,"At least one roll-in shower is available, and all other showers are transfer showers.",Required,Body Fit,Design DevelopmentSchematic Design,1,7,1 Credit: Implement 5 of 8,Fig_656.png,Roll-in shower and transfer shower compartments,"Plan view drawing of a locker room with four showers on one wall. One shower is a large roll-in type shower with a private changing area. The other three showers smaller are transfer-type showers, one",Latest Version,,,,,,,,,,,,
283,462,6.2.7.2,H3,6,Rooms and Spaces,30,2,Toilet and Bathing Rooms,8,7,Shower and Bathing Areas,1,2,All shower and bathing areas have grab bars unobstructed by items hanging on hooks or towel rods.,,Body FitWellness,Specifications,1,7,1 Credit: Implement 5 of 8,Fig_462.png,Towel hook position relative to grab bar location,"Section drawings depicting two bathrooms. Both depict a roll in shower one one side and toilet on the other. The toilet and shower both have horizontal and vertical grab bars. One drawing, marked with",Latest Version,,,,,,,,,,,,
284,458,6.2.7.3,H3,6,Rooms and Spaces,30,2,Toilet and Bathing Rooms,8,7,Shower and Bathing Areas,1,3,"All shower and bathing areas have adjustable height, hand-held shower spray units with controls and shelves available within reach.",,Body FitPersonalization,Specifications,1,7,1 Credit: Implement 5 of 8,Fig_458A.png,Roll-in shower,"Photograph of a roll in shower with grab bars, shower curtain, movable bench seat, and an adjustable and removable showerhead.",Latest Version,Fig_458B.png,Control and shelf location,"Section drawing of roll in shower with dimensions indicating appropriate control and shelf locations of 24 to 48 inches (610 to 1,220 millimeters).",Latest Version,,,,,,,,
285,658,6.2.7.4,H3,6,Rooms and Spaces,30,2,Toilet and Bathing Rooms,8,7,Shower and Bathing Areas,1,4,"All roll-in showers and selected transfer showers and bathtubs (where provided) are located inside a private area enclosed by a door or curtain containing a dry changing area, seat, and towel hooks or rods within reach.",,Body FitComfortWellnessCultural Appropriateness,Design DevelopmentSpecifications,1,7,1 Credit: Implement 5 of 8,Fig_658.png,Private shower areas,Plan drawing depicting a locker room with 4 showers. 2 showers in the middle are transfer-type shower stalls. The two end showers are roll-in showers. A partition wall extends from each of these showe,Latest Version,,,,,,,,,,,,
286,889,6.2.7.5,H3,6,Rooms and Spaces,30,2,Toilet and Bathing Rooms,8,7,Shower and Bathing Areas,1,5,Shower and bathing areas are available for use by families or to allow assistance by companions that are not of the same sex or gender.,,Social IntegrationCultural Appropriateness,Schematic DesignDesign Development,1,7,1 Credit: Implement 5 of 8,Fig_889.png,Family shower and bathing area,"Floor plan drawing of a private room with a door, roll in shower, lavatory, toilet, seating, and extra space.",Latest Version,,,,,,,,,,,,
287,767,6.2.7.6,H3,6,Rooms and Spaces,30,2,Toilet and Bathing Rooms,8,7,Shower and Bathing Areas,1,6,All shower and bathing controls are reachable from outside the fixture.,,Body FitComfort,Design DevelopmentSpecifications,1,7,1 Credit: Implement 5 of 8,Fig_767.png,Offset shower controls,"Section drawing of a roll in shower control wall. The controls are offset from the shower centerline, bringing them closer to the outside of the shower.",Latest Version,,,,,,,,,,,,
288,768,6.2.7.7,H3,6,Rooms and Spaces,30,2,Toilet and Bathing Rooms,8,7,Shower and Bathing Areas,1,7,All shower and bathing controls follow a common conceptual model.,,Understanding,Specifications,1,7,1 Credit: Implement 5 of 8,Fig_768.png,Shower control with typical method of operation and symbols as redundant cues.,"Drawing of single circular shower faucet with single lever in down position. An arrow indicates counter-clockwise direction with a snowflake at one quarter turn, a half snowflake and half flame at one",Latest Version,,,,,,,,,,,,
289,769,6.2.7.8,H3,6,Rooms and Spaces,30,2,Toilet and Bathing Rooms,8,7,Shower and Bathing Areas,1,8,All shower and bathing controls give users control over the temperature.,,ComfortPersonalization,Specifications,1,7,1 Credit: Implement 5 of 8,,,,,,,,,,,,,,,,
290,806,6.3.1,H3,6,Rooms and Spaces,30,3,Changing Areas,1,0,,0,1,Selected changing areas are located in areas not restricted to use by a particular gender.,,Social Integration,Schematic DesignDesign Development,1,3,1 Credit: Implement 2 of 3,Fig_806.png,Family changing area,"Plan drawing of a room with a bench with grab bar, and a companion chair. Both are outside of a wheelchair turning space.",Latest Version,,,,,,,,,,,,
291,801,6.3.2,H3,6,Rooms and Spaces,30,3,Changing Areas,1,0,,0,2,Selected changing areas are located in a private compartment with a door or curtain.,,Cultural AppropriatenessComfort,Design Development,1,3,1 Credit: Implement 2 of 3,,,,,,,,,,,,,,,,
292,655,6.3.3,H3,6,Rooms and Spaces,30,3,Changing Areas,1,0,,0,3,All changing areas or their associated antechambers have seating available.,,Comfort,Design DevelopmentSpecifications,1,3,1 Credit: Implement 2 of 3,,,,,,,,,,,,,,,,
293,924,6.4.1,H2,6,Rooms and Spaces,30,4,Nursing Rooms,1,0,,0,1,"All nursing rooms are separate from toilet rooms, have a locking door, seat, changing table, electric outlet, and space for a stroller.",,Cultural AppropriatenessWellness,Schematic DesignDesign DevelopmentSpecifications,1,4,1 Credit: Implement 2 of 3,,,,,,,,,,,,,,,,
294,925,6.4.2,H2,6,Rooms and Spaces,30,4,Nursing Rooms,1,0,,0,2,All nursing rooms have a refrigerator and/or sink.,,Cultural AppropriatenessWellness,Design DevelopmentSpecifications,1,4,1 Credit: Implement 2 of 3,,,,,,,,,,,,,,,,
295,926,6.4.3,H2,6,Rooms and Spaces,30,4,Nursing Rooms,1,0,,0,3,All nursing rooms have companion seating.,,Social Integration,Design DevelopmentSpecifications,1,4,1 Credit: Implement 2 of 3,,,,,,,,,,,,,,,,
296,232,6.5.1,H2,6,Rooms and Spaces,30,5,Waiting Areas,1,0,,0,1,"Where provided in waiting areas, all fixed and movable waiting queues are wide enough to allow passage of one wheeled mobility device and allow a 180-degree turn wherever the queue changes direction.",,Body Fit,Design Development,1,5,1 Credit: Implement 4 of 9,Fig_226_232.png,Space clearance for a 180-degree turn around an obstruction,"Drawing of a waiting queue with a 180 degree turn. The drawing depicts three dimension options: option 1: 42 inches entering and exiting the turn and 48 at the base (1,065 and 1,220 millimeters, respe",Latest Version,,,,,,,,,,,,
297,220,6.5.2,H2,6,Rooms and Spaces,30,5,Waiting Areas,1,0,,0,2,All waiting areas are organized to not obstruct circulation spaces.,,Body FitComfort,Schematic DesignDesign Development,1,5,1 Credit: Implement 4 of 9,Fig_220.png,Waiting area outside circulation route,Plan view drawing of a waiting area with seating and tables to the side of the main corridor.,Latest Version,,,,,,,,,,,,
298,223,6.5.3,H2,6,Rooms and Spaces,30,5,Waiting Areas,1,0,,0,3,All waiting areas have seating.,,Comfort,Design DevelopmentSpecifications,1,5,1 Credit: Implement 4 of 9,Fig_223A.png,Waiting area with seats,Photograph of a waiting area with cushioned seats and a coffee table.,Latest Version,Fig_223B_501A.png,Waiting area outside classroom with seats on wheels,Photograph of a lounge adjacent to a classroom. The lounge has several brightly colored cushioned chairs arranged in a circle. The chairs have wheels and some have a built in swivel desk for note taki,Latest Version,,,,,,,,
299,235,6.5.4,H2,6,Rooms and Spaces,30,5,Waiting Areas,1,0,,0,4,"Where waiting areas have queues, adjustable boundaries reduce travel distance when the queue is not full.",,Body FitComfort,Specifications,1,5,1 Credit: Implement 4 of 9,,,,,,,,,,,,,,,,
300,225,6.5.5,H2,6,Rooms and Spaces,30,5,Waiting Areas,1,0,,0,5,"All outdoor waiting areas protect users from sun, wind, or inclement weather and/or have active heating or cooling mechanisms (e.g., radiant heat/cooling, heat lamps, fans, misters, etc.).",,ComfortWellnessCultural Appropriateness,Design DevelopmentSpecifications,1,5,1 Credit: Implement 4 of 9,Fig_225.png,Sheltered outdoor waiting area,"Plan drawing depicts a building with a line formed outside the entrance doors. The line is protected by a roof supported by a series of columns. Adjacent to the building, a glass wall protects those w",Latest Version,,,,,,,,,,,,
301,226,6.5.6,H2,6,Rooms and Spaces,30,5,Waiting Areas,1,0,,0,6,"Where waiting areas are provided at customer service or transaction areas, a visual and audible system is used to differentiate people already served and those waiting to be served.",,AwarenessUnderstanding,SpecificationsOperations,1,5,1 Credit: Implement 4 of 9,Fig_226_232.png,Signs and a movable waiting queue differentiate people already served and those still waiting.,"Plan view drawing of a food service counter with a switch back waiting queue and sign reading ""order here"" wile other patrons wait along side the queue where a sign reads ""pick up here.""",Latest Version,,,,,,,,,,,,
302,227,6.5.7,H2,6,Rooms and Spaces,30,5,Waiting Areas,1,0,,0,7,"Where wait times in a queue can be approximated, visual and audible information on remaining wait time is provided at entry points to the queue and periodically along the queue.",,Awareness-,OperationsSpecifications,1,5,1 Credit: Implement 4 of 9,,,,,,,,,,,,,,,,
303,234,6.5.8,H2,6,Rooms and Spaces,30,5,Waiting Areas,1,0,,0,8,"Where separate waiting queues are provided for different purposes (e.g. ticket holders vs. ticket purchasers), queues are identified by signs in multiple formats (e.g., symbols, print, large print, online, multiple languages, tactile, verbal).",,AwarenessUnderstanding,SpecificationsOperations,1,5,1 Credit: Implement 4 of 9,,,,,,,,,,,,,,,,
304,228,6.5.9,H2,6,Rooms and Spaces,30,5,Waiting Areas,1,0,,0,9,"All waiting areas have systems that reduce reliance on staff for services, such as automated kiosks, advance internet reservations, paging systems, etc.",,Personalization,OperationsSpecifications,1,5,1 Credit: Implement 4 of 9,,,,,,,,,,,,,,,,
305,906,6.6.1,H2,6,Rooms and Spaces,30,6,Office Spaces,1,0,,0,1,All office spaces have furniture sized and arranged to allow people who use wheeled mobility devices to navigate through the entire space.,Required,Body Fit,SpecificationsDesign Development,1,6,1 Credit: Implement 2 of 3,Fig_906.png,"On the left, the room is not large enough for the furniture selected, making it difficult for people to maneuver when others are seated. On the right, users can navigate the space without disrupting t","Scale drawings of two meeting rooms: One is not large enough for the furniture selected, indicated. The other is large enough for the selected furniture.",Latest Version,,,,,,,,,,,,
306,907,6.6.2,H2,6,Rooms and Spaces,30,6,Office Spaces,1,0,,0,2,Office spaces are available in various occupancy capacities. ,,ComfortPersonalization,Design DevelopmentSchematic Design,1,6,1 Credit: Implement 2 of 3,,,,,,,,,,,,,,,,
307,908,6.6.3,H2,6,Rooms and Spaces,30,6,Office Spaces,1,0,,0,3,"Selected office spaces have built-in and user-adjustable privacy controls (e.g., doors, sound proofing, blinds, room dividers, etc.).",,PersonalizationComfort,SpecificationsDesign Development,1,6,1 Credit: Implement 2 of 3,Fig_908.png,Meeting room with adjustable room dividers,"Plan view drawing of office with two guests visiting person at desk. The room has a  door, and two adjustable room dividers.",Latest Version,,,,,,,,,,,,
308,688,6.7.1,H2,6,Rooms and Spaces,30,7,Meeting Rooms and Classrooms,2,0,,0,1,All meeting rooms and classrooms have furniture sized and arranged to allow people who use wheeled mobility devices to navigate the entire space.,Required,Body Fit,Design DevelopmentSpecifications,1,7,2 Credits: Implement 4 of 7      |      1 Credit: Implement 3 of 7,Fig_688.png,"On the left, the room is not large enough for the furniture selected, making it difficult for people to maneuver when others are seated. On the right, users can navigate the space without disrupting t","Scale drawings of two meeting rooms: One is not large enough for the furniture selected, indicated. The other is large enough for the selected furniture.",Latest Version,,,,,,,,,,,,
309,687,6.7.2,H2,6,Rooms and Spaces,30,7,Meeting Rooms and Classrooms,2,0,,0,2,Meeting rooms and classrooms are available in various capacities. ,,ComfortPersonalization,Design DevelopmentSchematic Design,1,7,2 Credits: Implement 4 of 7      |      1 Credit: Implement 3 of 7,,,,,,,,,,,,,,,,
310,689,6.7.3,H2,6,Rooms and Spaces,30,7,Meeting Rooms and Classrooms,2,0,,0,3,All meeting rooms and classrooms are equipped with assistive listening systems.,,Awareness,Design DevelopmentSpecifications,1,7,2 Credits: Implement 4 of 7      |      1 Credit: Implement 3 of 7,,,,,,,,,,,,,,,,
311,690,6.7.4,H2,6,Rooms and Spaces,30,7,Meeting Rooms and Classrooms,2,0,,0,4,"All meeting rooms and classrooms are equipped with at least one display (e.g. projection screen, digital display, blackboard, etc.) sized to be visible by every person in the room.",,Awareness,Specifications,1,7,2 Credits: Implement 4 of 7      |      1 Credit: Implement 3 of 7,Fig_690.png,Meeting room has multiple projection screens or digital displays where views are obstructed,"Plan view drawing of meeting room with center conference table with occupants able to see the digital display or projection screen. Seating areas in the back, behind a column, and to the side of the c",Latest Version,,,,,,,,,,,,
312,691,6.7.5,H2,6,Rooms and Spaces,30,7,Meeting Rooms and Classrooms,2,0,,0,5,All meeting rooms and classrooms have displays that are within reach and are operable by seated and standing people or have a remote control capable of controlling all functions of the display.,,Body FitPersonalization,Specifications,1,7,2 Credits: Implement 4 of 7      |      1 Credit: Implement 3 of 7,,,,,,,,,,,,,,,,
313,927,6.7.6,H2,6,Rooms and Spaces,30,7,Meeting Rooms and Classrooms,2,0,,0,6,"All meeting rooms and classrooms have a wireless connection to the internet, and where provided, wireless connection to any audio/video system.",,Personalization,OperationsSpecifications,1,7,2 Credits: Implement 4 of 7      |      1 Credit: Implement 3 of 7,,,,,,,,,,,,,,,,
314,692,6.7.7,H2,6,Rooms and Spaces,30,7,Meeting Rooms and Classrooms,2,0,,0,7,"Selected meeting rooms and classrooms have built-in and user-adjustable privacy controls (e.g., doors, sound proofing, blinds, room dividers, etc.).",,PersonalizationComfort,Design DevelopmentSpecifications,1,7,2 Credits: Implement 4 of 7      |      1 Credit: Implement 3 of 7,Fig_692.png,Meeting room with adjustable room dividers,"Plan view drawing of meeting room with center conference table. The room has a window with shading device, door, and two adjustable room dividers.",Latest Version,,,,,,,,,,,,
315,695,6.8.1.1,H2,6,Rooms and Spaces,30,8,Public Assembly Spaces,2,1,Configuration,1,1,All public assembly spaces have a presentation area that is not raised or that can be accessed by a permanent ramp.,Required,Body FitAwareness,Design DevelopmentSchematic Design,1,1,1 Credit: Implement 3 of 5,Fig_695.png,Presentation areas,"Three section drawings of a lecture room with attendees viewing presenter standing at a lectern. One, marked by a red X, depicts the presenter and lectern atop a podium, accessed via 2 steps. The seco",Latest Version,,,,,,,,,,,,
316,696,6.8.1.2,H2,6,Rooms and Spaces,30,8,Public Assembly Spaces,2,1,Configuration,1,2,"All public assembly spaces have presentation equipment that is adjustable or moveable, and controls that are within reach. ",,Body FitPersonalization,Design DevelopmentSpecifications,1,1,1 Credit: Implement 3 of 5,,,,,,,,,,,,,,,,
317,893,6.8.1.3,H2,6,Rooms and Spaces,30,8,Public Assembly Spaces,2,1,Configuration,1,3,All public assembly spaces have a presentation area that is visible from every seat and designed to ensure people in the back can see over the heads of people in front.,,Body FitAwareness,Design DevelopmentSchematic Design,1,1,1 Credit: Implement 3 of 5,Fig_893.png,Line of sight from spectator seating to presentation area,"Plan drawing of people in a tiered seating presentation room, with lines of sight drawn from each of the people seated in 5 rows, toward the center of a screen in the front of the room. The seats are ",Latest Version,,,,,,,,,,,,
318,693,6.8.1.4,H2,6,Rooms and Spaces,30,8,Public Assembly Spaces,2,1,Configuration,1,4,"All public assembly spaces have selected spectator areas for people who use wheeled mobility devices that can be accessed from at least two sides (e.g., back and side, back and front, etc.).",,Body FitPersonalization,Design Development,1,1,1 Credit: Implement 3 of 5,Fig_693.png,Access to designated wheelchair spaces,"Plan drawings depicting two scenarios: 1. Front and back access to a wheelchair space, depicted as 36 by 54 inches (915 by 1,370 millimeters), with   unobstructed access from the front, and a row of s",Latest Version,,,,,,,,,,,,
319,749,6.8.1.5,H2,6,Rooms and Spaces,30,8,Public Assembly Spaces,2,1,Configuration,1,5,All public assembly spaces have adjustable spectator seating areas that accommodate various configurations.,,Body FitPersonalization,Design DevelopmentSchematic Design,1,1,1 Credit: Implement 3 of 5,,,,,,,,,,,,,,,,
320,240,6.8.2.1,H3,6,Rooms and Spaces,30,8,Public Assembly Spaces,2,2,Aisles,1,1,All aisles serving  accessible seating areas are not separated from those serving general seating areas.,,AwarenessSocial Integration,Design DevelopmentSchematic Design,1,2,1 Credit: Implement 2 of 4,,,,,,,,,,,,,,,,
321,242,6.8.2.2,H3,6,Rooms and Spaces,30,8,Public Assembly Spaces,2,2,Aisles,1,2,All aisle edges are marked with a distinct color and/or texture.,,Awareness,SpecificationsDesign Development,1,2,1 Credit: Implement 2 of 4,Fig_242.png,Aisle edge contrast,Plan drawing of a room with tiered seating. The aisle and stair treads are marked with yellow striping.,Latest Version,,,,,,,,,,,,
322,243,6.8.2.3,H3,6,Rooms and Spaces,30,8,Public Assembly Spaces,2,2,Aisles,1,3,"When located in areas where lights are sometimes dimmed for performances, all aisles are illuminated using a diffuser or reflective device such that bulbs are not directly visible by people in the space.",,ComfortAwareness,Design DevelopmentSpecifications,1,2,1 Credit: Implement 2 of 4,Fig_243A.png,Stairs in assembly room illuminated by low-level indirect lighting,Photograph of dark assembly room with stairs lit by downward lighting affixed to handrails.,Latest Version,Fig_243B.png,Stairs in assembly room illuminated by direct diffused lighting,"Photograph of dark assembly room with stairs lit by light fixture integrated with stair riser, with diffusing device.",Latest Version,,,,,,,,
323,244,6.8.2.4,H3,6,Rooms and Spaces,30,8,Public Assembly Spaces,2,2,Aisles,1,4,All aisles on primary routes have tactile guide strips leading users to the nearest appropriate entrances and exits.,,Awareness,Design Development,1,2,1 Credit: Implement 2 of 4,,,,,,,,,,,,,,,,
324,675,6.9.1,H2,6,Rooms and Spaces,30,9,Food Service Areas,2,0,,0,1,"All food service areas have all appliances, counters, tray slides, buffets, condiments, tableware, and accompaniment stations within reach and adjacent to a clear floor space.",Required,Body Fit,Design DevelopmentSpecificationsOperations,1,9,2 Credits: Implement 3 of 7      |      1 Credit: Implement 2 of 7,Fig_675.png,"Reach range for appliances, counters, tray slides, buffets, condiments, tableware, and accompaniment stations","Section drawing depicts a person using a wheelchair reaching for items on a buffet table containing bowls, plates, serving trays, coffee mugs, a drink dispenser, and condiments. A dotted line indicate",Latest Version,,,,,,,,,,,,
325,257,6.9.2,H2,6,Rooms and Spaces,30,9,Food Service Areas,2,0,,0,2,All food service areas have tables arranged so people who use wheeled mobility devices can access them without obstructing the circulation space or disrupting others.,Required,Body FitSocial Integration,Design DevelopmentSpecificationsOperations,1,9,2 Credits: Implement 3 of 7      |      1 Credit: Implement 2 of 7,,,,,,,,,,,,,,,,
326,707,6.9.3,H2,6,Rooms and Spaces,30,9,Food Service Areas,2,0,,0,3,Selected outdoor dining areas are adjacent to indoor dining areas.,,Comfort,Schematic DesignDesign Development,1,9,2 Credits: Implement 3 of 7      |      1 Credit: Implement 2 of 7,Fig_707.png,Outdoor dining areas adjacent to indoor dining areas,"Plan view drawing of an indoor dining area with an adjacent outdoor dining area, connected by a doorway.",Latest Version,,,,,,,,,,,,
327,708,6.9.4,H2,6,Rooms and Spaces,30,9,Food Service Areas,2,0,,0,4,"Selected outdoor dining areas are on a hard surface (e.g., concrete, wood decking, etc.).",,Comfort,Design Development,1,9,2 Credits: Implement 3 of 7      |      1 Credit: Implement 2 of 7,Fig_708.png,Outdoor dining area,"Photograph of a brick paver patio, with bricks close together. On the patio is a woman sitting at a picnic table.",Latest Version,,,,,,,,,,,,
328,507,6.9.5,H2,6,Rooms and Spaces,30,9,Food Service Areas,2,0,,0,5,"Selected outdoor dining areas have an active heating or cooling mechanism (e.g., radiant heat/cooling, heat lamps, fans, etc.).",,ComfortWellnessCultural Appropriateness,Design DevelopmentSpecifications,1,9,2 Credits: Implement 3 of 7      |      1 Credit: Implement 2 of 7,,,,,,,,,,,,,,,,
329,271,6.9.6,H2,6,Rooms and Spaces,30,9,Food Service Areas,2,0,,0,6,All drive-through food service lines accommodate full-size vans.,,Body Fit,Design Development,1,9,2 Credits: Implement 3 of 7      |      1 Credit: Implement 2 of 7,Fig_271.png,Minimum clearance height for full-size van,"Drawing of a van next to a building with a drive through window. The building roof partially extends over the van with a minimum dimension of 98 inches indicated (or 2,590 millimeters).",Latest Version,,,,,,,,,,,,
330,269,6.9.7,H2,6,Rooms and Spaces,30,9,Food Service Areas,2,0,,0,7,"Food service lines for take-out are separated from other food service lines, waiting, and/or dining areas.",,Comfort,Design DevelopmentOperations,1,9,2 Credits: Implement 3 of 7      |      1 Credit: Implement 2 of 7,,,,,,,,,,,,,,,,
331,272,6.10.1.1,H3,6,Rooms and Spaces,30,10,Retail Spaces,3,1,Aisles,1,1,All aisles are the width of two clear floor spaces.,,Body Fit,Design DevelopmentSchematic Design,1,1,1 Credit: Implement 3 of 5,,,,,,,,,,,,,,,,
332,273,6.10.1.2,H3,6,Rooms and Spaces,30,10,Retail Spaces,3,1,Aisles,1,2,All aisles have an intersecting aisle at both ends.,,Comfort,Design DevelopmentSchematic Design,1,1,1 Credit: Implement 3 of 5,Fig_273.png,"On the left, dead-end aisles create congestion. On the right,  intersecting aisles eliminate congestion.",Plan view drawings of two grocery stores. One has dead end aisles. The other has an intersecting aisle at both ends.,Latest Version,,,,,,,,,,,,
333,274,6.10.1.3,H3,6,Rooms and Spaces,30,10,Retail Spaces,3,1,Aisles,1,3,Displays or other obstructions do not reduce the effective width of any aisle.,,Body Fit,Design DevelopmentOperations,1,1,1 Credit: Implement 3 of 5,Fig_274.png,"On the left, display cases crowd the aisles. On the right, displays are in line shelving units, eliminating congestion.",Plan view drawings of two grocery stores. One has display cases encroaching on the aisles. The other keeps special displays in line with the shelving units.,Latest Version,,,,,,,,,,,,
334,279,6.10.1.4,H3,6,Rooms and Spaces,30,10,Retail Spaces,3,1,Aisles,1,4,"All aisles have signs perpendicular to the cross-aisles that list aisle contents in multiple formats (e.g., text, pictogram, Braille, audio, etc.).",,Awareness,SpecificationsOperations,1,1,1 Credit: Implement 3 of 5,,,,,,,,,,,,,,,,
335,771,6.10.1.5,H3,6,Rooms and Spaces,30,10,Retail Spaces,3,1,Aisles,1,5,All aisles near toilet rooms and transaction machines have extra space for users to temporarily store shopping carts outside of the circulation space.,,Body Fit,Design Development,1,1,1 Credit: Implement 3 of 5,Fig_771.png,Shopping cart storage area outside toilet room,"Plan drawing of a shopping cart indicating dimensions of 24 by 42 inches (610 by 1,065 millimeters).",Latest Version,,,,,,,,,,,,
336,280,6.10.2.1,H2,6,Rooms and Spaces,30,10,Retail Spaces,3,2,Product Displays,1,1,All product displays have an adjacent clear floor space.,,Body Fit,Design Development,1,2,1 Credit: Implement 2 of 4,,,,,,,,,,,,,,,,
337,283,6.10.2.2,H2,6,Rooms and Spaces,30,10,Retail Spaces,3,2,Product Displays,1,2,"Where customer interaction with a product or self-retrieval of products is intended, all such product displays are within reach or have a means of summoning staff assistance.",,ComfortBody FitWellness,Design DevelopmentOperationsSpecifications,1,2,1 Credit: Implement 2 of 4,,,,,,,,,,,,,,,,
338,284,6.10.2.3,H2,6,Rooms and Spaces,30,10,Retail Spaces,3,2,Product Displays,1,3,"Where customer interaction with a product or self-retrieval of products is intended, all such product displays have a moveable step available for reaching high items.",,Body FitPersonalization,Design DevelopmentSpecifications,1,2,1 Credit: Implement 2 of 4,,,,,,,,,,,,,,,,
339,281,6.10.2.4,H2,6,Rooms and Spaces,30,10,Retail Spaces,3,2,Product Displays,1,4,All product displays expose customers to all goods without requiring them to move items out of the way.,,Comfort,Operations,1,2,1 Credit: Implement 2 of 4,,,,,,,,,,,,,,,,
340,287,6.10.3.1,H2,6,Rooms and Spaces,30,10,Retail Spaces,3,3,Pricing and Product Information,1,1,Pricing and product information is displayed for all merchandise.,,Awareness,Operations,1,3,1 Credit: Implement 2 of 3,,,,,,,,,,,,,,,,
341,290,6.10.3.2,H2,6,Rooms and Spaces,30,10,Retail Spaces,3,3,Pricing and Product Information,1,2,All pricing and product information is readable with a smartphone or store-provided scanner.,,Awareness,Operations,1,3,1 Credit: Implement 2 of 3,,,,,,,,,,,,,,,,
342,291,6.10.3.3,H2,6,Rooms and Spaces,30,10,Retail Spaces,3,3,Pricing and Product Information,1,3,"Where pricing is dependent on product weight, the customer can ascertain weight and cost prior to checkout using a scale.",,Awareness,Operations,1,3,1 Credit: Implement 2 of 3,,,,,,,,,,,,,,,,
343,249,6.11.1,H2,6,Rooms and Spaces,30,11,Sleeping Rooms,3,0,,0,1,Sleeping rooms that are designated as accessible are available at every price point and are horizontally and vertically dispersed.,,Social Integration,Design DevelopmentOperationsSchematic Design,1,11,3 Credits: Implement 9 of 16      |      2 Credits: Implement 8 of 16      |      1 Credit: Implement 7 of 16,,,,,,,,,,,,,,,,
344,245,6.11.2,H2,6,Rooms and Spaces,30,11,Sleeping Rooms,3,0,,0,2,"All sleeping rooms are located where there is no more than one intersecting route between the room and nearest accessible elevator (or lobby, if on entrance level).",,AwarenessUnderstanding,Design DevelopmentSchematic Design,1,11,3 Credits: Implement 9 of 16      |      2 Credits: Implement 8 of 16      |      1 Credit: Implement 7 of 16,Fig_245.png,Floor plan of corridors serving sleeping rooms,Drawing of a building floor plan shaped like the letter H. The elevator lobby is in the center of the H. The corridors follow the H shape with arrows extending from the elevators to two rooms at oppos,Latest Version,,,,,,,,,,,,
345,246,6.11.3,H2,6,Rooms and Spaces,30,11,Sleeping Rooms,3,0,,0,3,"Sleeping rooms are arranged in zones that are visually differentiated by color, architectural features, or landmarks.",,AwarenessUnderstanding,Design Development,1,11,3 Credits: Implement 9 of 16      |      2 Credits: Implement 8 of 16      |      1 Credit: Implement 7 of 16,,,,,,,,,,,,,,,,
346,250,6.11.4,H2,6,Rooms and Spaces,30,11,Sleeping Rooms,3,0,,0,4,"Some but not all sleeping rooms that are designated as accessible are available near elevators and/or amenities (such as pools, lounges, or vending areas).",,Comfort,Design DevelopmentSchematic Design,1,11,3 Credits: Implement 9 of 16      |      2 Credits: Implement 8 of 16      |      1 Credit: Implement 7 of 16,Fig_250.png,"Plan diagram of a hotel floor with elevators in the center. Of the 17 rooms on the floor, 4 are marked with the active symbol of accessibility. Two are near the elevator lobby and two are far from the",,Latest Version,,,,,,,,,,,,
347,251,6.11.5,H2,6,Rooms and Spaces,30,11,Sleeping Rooms,3,0,,0,5,Sleeping rooms that are designated as accessible have a wheelchair/scooter parking area outside of circulation space with an adjacent electrical outlet.,,Body FitComfort,Design Development,1,11,3 Credits: Implement 9 of 16      |      2 Credits: Implement 8 of 16      |      1 Credit: Implement 7 of 16,Fig_251.png,This wheelchair/scooter recharging station does not obstruct other furniture or the circulation route.,"Drawing of a sleeping room with a king size bed, bathroom, closet, desk, chair, and power scooter. The power scooter is plugged into the wall and out of the way of the circulation route and the other ",Latest Version,,,,,,,,,,,,
348,253,6.11.6,H2,6,Rooms and Spaces,30,11,Sleeping Rooms,3,0,,0,6,All sleeping rooms have a storage space large enough to store luggage outside of the circulation space.,,Body Fit,Design Development,1,11,3 Credits: Implement 9 of 16      |      2 Credits: Implement 8 of 16      |      1 Credit: Implement 7 of 16,Fig_253A.png,Space to store luggage,"Plan drawing of a hotel room with luggage highlighted, stored in between the closet and desk, outside of a wheelchair turning space. Another piece of luggage is stored at the end of the room, adjacent",Latest Version,Fig_253B.png,Sleeping room with luggage storage space in closet or on low furniture,"Drawing of a hotel room with a king size bed , two chairs, power scooter, and closet. It also has a low linear storage unit with drawers and a T V on top. A piece of luggage is stored in the extra spa",Latest Version,,,,,,,,
349,247,6.11.7,H2,6,Rooms and Spaces,30,11,Sleeping Rooms,3,0,,0,7,Sleeping rooms are available with a variety of different furniture layouts within each price point.,,PersonalizationComfortBody Fit,Design DevelopmentOperationsSpecifications,1,11,3 Credits: Implement 9 of 16      |      2 Credits: Implement 8 of 16      |      1 Credit: Implement 7 of 16,Fig_247.png,Examples of different room types and furniture layouts,"Drawings of 4 different sleeping room plans: All have a closet and bathroom and all are accessible. One has a king size bed in a suite with a kitchen, living area, and desk. Another has a king size be",Latest Version,,,,,,,,,,,,
350,248,6.11.8,H2,6,Rooms and Spaces,30,11,Sleeping Rooms,3,0,,0,8,All sleeping rooms have moveable furniture.,,Body FitPersonalizationComfort,SpecificationsOperations,1,11,3 Credits: Implement 9 of 16      |      2 Credits: Implement 8 of 16      |      1 Credit: Implement 7 of 16,,,,,,,,,,,,,,,,
351,750,6.11.9,H2,6,Rooms and Spaces,30,11,Sleeping Rooms,3,0,,0,9,All sleeping rooms have connectivity to electrical power at the bedside.,,ComfortBody Fit,Specifications,1,11,3 Credits: Implement 9 of 16      |      2 Credits: Implement 8 of 16      |      1 Credit: Implement 7 of 16,,,,,,,,,,,,,,,,
352,382,6.11.10,H2,6,Rooms and Spaces,30,11,Sleeping Rooms,3,0,,0,10,"All sleeping rooms allow remote control of room features such as entertainment system, lighting, thermostat, security system, etc.",,ComfortPersonalization,Specifications,1,11,3 Credits: Implement 9 of 16      |      2 Credits: Implement 8 of 16      |      1 Credit: Implement 7 of 16,,,,,,,,,,,,,,,,
353,379,6.11.11,H2,6,Rooms and Spaces,30,11,Sleeping Rooms,3,0,,0,11,All sleeping rooms have universal electrical plug adapters.,,Cultural Appropriateness,Operations,1,11,3 Credits: Implement 9 of 16      |      2 Credits: Implement 8 of 16      |      1 Credit: Implement 7 of 16,,,,,,,,,,,,,,,,
354,900,6.11.12,H2,6,Rooms and Spaces,30,11,Sleeping Rooms,3,0,,0,12,All sleeping rooms have user-controlled task lighting at the bedside and at any work station.,,PersonalizationComfort,Specifications,1,11,3 Credits: Implement 9 of 16      |      2 Credits: Implement 8 of 16      |      1 Credit: Implement 7 of 16,,,,,,,,,,,,,,,,
355,598,6.11.13,H3,6,Rooms and Spaces,30,11,Sleeping Rooms,3,0,,0,13,All sleeping rooms have lighting controls within reach of a person in bed.,,Body FitComfortWellness,Specifications,1,11,3 Credits: Implement 9 of 16      |      2 Credits: Implement 8 of 16      |      1 Credit: Implement 7 of 16,Fig_598.png,Acceptable height and distance from bed for lighting controls,"Drawing of a woman sitting up in bed, reaching toward a light switch and lamp on a night stand next to the bed. It depicts a lighting control height of 28 to 44 inches (710 to 1,120 millimeters) and a",Latest Version,,,,,,,,,,,,
356,254,6.11.14,H2,6,Rooms and Spaces,30,11,Sleeping Rooms,3,0,,0,14,All sleeping rooms have a securable safe along an accessible route with accessible operating mechanisms that provide audio and visual feedback during securement.,,Body FitAwarenessUnderstanding,OperationsSpecifications,1,11,3 Credits: Implement 9 of 16      |      2 Credits: Implement 8 of 16      |      1 Credit: Implement 7 of 16,,,,,,,,,,,,,,,,
357,431,6.11.15,H3,6,Rooms and Spaces,30,11,Sleeping Rooms,3,0,,0,15,All sleeping rooms (or bathing rooms within) provide a hair dryer.,,ComfortWellness,OperationsSpecifications,1,11,3 Credits: Implement 9 of 16      |      2 Credits: Implement 8 of 16      |      1 Credit: Implement 7 of 16,,,,,,,,,,,,,,,,
358,433,6.11.16,H3,6,Rooms and Spaces,30,11,Sleeping Rooms,3,0,,0,16,All sleeping rooms (or bathing rooms within) provide an adjustable mirror for detailed grooming tasks.,,ComfortWellness,OperationsSpecifications,1,11,3 Credits: Implement 9 of 16      |      2 Credits: Implement 8 of 16      |      1 Credit: Implement 7 of 16,Fig_433.png,Adjustable detail mirror,"Drawing of a circular mirror on a swinging arm, mounted to the wall.",Latest Version,,,,,,,,,,,,
359,252,6.12.1,H3,6,Rooms and Spaces,30,12,Storage Spaces,1,0,,0,1,"All storage spaces are adjustable to be within reach (including drawers, shelves, clothing rods, etc.).",,Body Fit,Design DevelopmentSpecifications,1,12,1 Credit: Implement 2 of 5,Fig_252.png,Various closet configurations,"Section drawings depicting 4 different closet arrangements, with varied clothing rod heights, drawer, and shelf positions.",Latest Version,Fig_252B.png,,,Under Development,,,,,,,,
360,256,6.12.2,H3,6,Rooms and Spaces,30,12,Storage Spaces,1,0,,0,2,All storage spaces are illuminated.,,Awareness,Design DevelopmentSpecifications,1,12,1 Credit: Implement 2 of 5,,,,,,,,,,,,,,,,
361,599,6.12.3,H3,6,Rooms and Spaces,30,12,Storage Spaces,1,0,,0,3,Selected storage spaces illuminate automatically when the door is opened.,,Comfort,Specifications,1,12,1 Credit: Implement 2 of 5,,,,,,,,,,,,,,,,
362,308,6.12.4,H3,6,Rooms and Spaces,30,12,Storage Spaces,1,0,,0,4,All storage spaces are securable.,,Personalization,Specifications,1,12,1 Credit: Implement 2 of 5,,,,,,,,,,,,,,,,
363,310,6.12.5,H3,6,Rooms and Spaces,30,12,Storage Spaces,1,0,,0,5,Selected storage spaces have wheels.,,Personalization,SpecificationsOperations,1,12,1 Credit: Implement 2 of 5,,,,,,,,,,,,,,,,
364,890,6.13.1,H2,6,Rooms and Spaces,30,13,Laundry Facilities,1,0,,0,1,At least 50% of washers and 50% of dryers are front loading and have controls within reach.,,Body Fit,Design DevelopmentSpecifications,1,13,1 Credit: Implement 2 of 3,,,,,,,,,,,,,,,,
365,849,6.13.2,H2,6,Rooms and Spaces,30,13,Laundry Facilities,1,0,,0,2,All shared laundry facilities have folding areas available at multiple heights or that are height-adjustable.,,Body FitPersonalization,Design DevelopmentSpecifications,1,13,1 Credit: Implement 2 of 3,,,,,,,,,,,,,,,,
366,891,6.13.3,H2,6,Rooms and Spaces,30,13,Laundry Facilities,1,0,,0,3,All shared laundry facilities have seating.,,Comfort,SpecificationsDesign Development,1,13,1 Credit: Implement 2 of 3,,,,,,,,,,,,,,,,
367,798,6.14.1,H2,6,Rooms and Spaces,30,14,Play Areas,1,0,,0,1,All play areas have continuous surfaces.,Required,Wellness,Design DevelopmentSpecifications,1,14,1 Credit: Implement 4 of 6,,,,,,,,,,,,,,,,
368,796,6.14.2,H2,6,Rooms and Spaces,30,14,Play Areas,1,0,,0,2,All play areas are enclosed.,,Wellness,Schematic DesignDesign Development,1,14,1 Credit: Implement 4 of 6,Fig_796.png,Enclosing the play area makes it safer for children to play since it allows parents or guardians to more easily look after them.,Plan drawing of an enclosed playground with seating inside and outside a shelter.,Latest Version,,,,,,,,,,,,
369,794,6.14.3,H2,6,Rooms and Spaces,30,14,Play Areas,1,0,,0,3,"All play areas have seating for parents and guardians, located within any enclosed area provided.",,ComfortWellness,Design DevelopmentSpecifications,1,14,1 Credit: Implement 4 of 6,Fig_794.png,Providing seating for parents and guardians makes their stay more comfortable and could lengthen the time they chose to stay.,Plan drawing of an enclosed playground with seating inside and outside a shelter.,Latest Version,,,,,,,,,,,,
370,795,6.14.4,H2,6,Rooms and Spaces,30,14,Play Areas,1,0,,0,4,"All play areas have seating within covered shelters to provide shade from sun, wind, and/or inclement weather. ",,ComfortWellnessCultural Appropriateness,Schematic DesignDesign Development,1,14,1 Credit: Implement 4 of 6,Fig_795.png,A covered shelter provides a place for visitors to gather together and protects people from inhospitable weather. ,Plan drawing of an enclosed playground with seating inside and outside a shelter.,Latest Version,,,,,,,,,,,,
371,797,6.14.5,H2,6,Rooms and Spaces,30,14,Play Areas,1,0,,0,5,All play areas have trash receptacles.,,Wellness,OperationsSpecifications,1,14,1 Credit: Implement 4 of 6,,,,,,,,,,,,,,,,
372,799,6.14.6,H2,6,Rooms and Spaces,30,14,Play Areas,1,0,,0,6,"All play areas have equipment for different age, development, and ability levels.",,Body FitUnderstandingSocial IntegrationPersonalization,SpecificationsOperationsDesign Development,1,14,1 Credit: Implement 4 of 6,,,,,,,,,,,,,,,,
373,574,6.15.1,H2,6,Rooms and Spaces,30,15,Pet and Service Animal Relief Areas,1,0,,0,1,All pet and service animal relief areas are enclosed.,,Wellness,Design DevelopmentSchematic Design,1,15,1 Credit: Implement 3 of 4,,,,,,,,,,,,,,,,
374,575,6.15.2,H2,6,Rooms and Spaces,30,15,Pet and Service Animal Relief Areas,1,0,,0,2,All pet and service animal relief areas have a water trough or basin with a faucet that can replenish the supply without the need to touch the trough or basin.,,Wellness,SpecificationsOperations,1,15,1 Credit: Implement 3 of 4,,,,,,,,,,,,,,,,
375,576,6.15.3,H2,6,Rooms and Spaces,30,15,Pet and Service Animal Relief Areas,1,0,,0,3,All pet and service animal relief areas have waste clean-up tools and disposal bin.,,Wellness,Operations,1,15,1 Credit: Implement 3 of 4,,,,,,,,,,,,,,,,
376,772,6.15.4,H2,6,Rooms and Spaces,30,15,Pet and Service Animal Relief Areas,1,0,,0,4,All pet and service animal relief areas are staffed.,,Wellness,Operations,1,15,1 Credit: Implement 3 of 4,,,,,,,,,,,,,,,,
377,810,6.16.1,H2,6,Rooms and Spaces,30,16,Exercise Spaces,1,0,,0,1,All exercise spaces have cardiovascular and physical strength equipment with a clear floor space on at least one side of at least one type of each equipment.,,Body FitComfortWellness,OperationsSpecificationsDesign Development,1,16,1 Credit: Implement 2 of 4,,,,,,,,,,,,,,,,
378,705,6.16.2,H2,6,Rooms and Spaces,30,16,Exercise Spaces,1,0,,0,2,"Fitness classrooms and/or group workout rooms are provided (e.g., dance, yoga, meditation, etc.).",,Wellness,Schematic Design,1,16,1 Credit: Implement 2 of 4,,,,,,,,,,,,,,,,
379,804,6.16.3,H2,6,Rooms and Spaces,30,16,Exercise Spaces,1,0,,0,3,All exercise spaces have cleaning equipment and towels within reach.,,Body FitWellness,Operations,1,16,1 Credit: Implement 2 of 4,,,,,,,,,,,,,,,,
380,700,6.16.4,H2,6,Rooms and Spaces,30,16,Exercise Spaces,1,0,,0,4,"All exercise spaces have locker rooms, shower/bathing rooms, and toilet rooms adjacent to the space. ",,ComfortWellness,Schematic DesignDesign Development,1,16,1 Credit: Implement 2 of 4,,,,,,,,,,,,,,,,
381,502,7.1.1,H2,7,Furnishings and Equipment,12,1,Seats,1,0,,0,1,Seats have a variety of feature and height options.,,Body FitComfortPersonalization,Specifications,1,1,1 Credit: Implement 3 of 9,,,,,,,,,,,,,,,,
382,496,7.1.2,H2,7,Furnishings and Equipment,12,1,Seats,1,0,,0,2,Seats are available with armrests.,,Comfort,Specifications,1,1,1 Credit: Implement 3 of 9,,,,,,,,,,,,,,,,
383,497,7.1.3,H2,7,Furnishings and Equipment,12,1,Seats,1,0,,0,3,Seats are available with open space underneath.,,Comfort,Specifications,1,1,1 Credit: Implement 3 of 9,,,,,,,,,,,,,,,,
384,498,7.1.4,H2,7,Furnishings and Equipment,12,1,Seats,1,0,,0,4,Seats are available with backrests.,,Comfort,Specifications,1,1,1 Credit: Implement 3 of 9,,,,,,,,,,,,,,,,
385,501,7.1.5,H2,7,Furnishings and Equipment,12,1,Seats,1,0,,0,5,"All seats in secure areas are moveable, and have wheels and/or are lightweight.",,PersonalizationComfort,Specifications,1,1,1 Credit: Implement 3 of 9,Fig_223B_501A.png,Study lounge chairs on wheels,Photograph of a study lounge with several brightly colored cushioned chairs arranged in a circle. The chairs have wheels and some have a built in swivel desk for note taking.,Latest Version,,,,,,,,,,,,
386,499,7.1.6,H2,7,Furnishings and Equipment,12,1,Seats,1,0,,0,6,Seats at work stations have thoracic and lumbar support features.,,ComfortWellness,Specifications,1,1,1 Credit: Implement 3 of 9,,,,,,,,,,,,,,,,
387,808,7.1.7,H2,7,Furnishings and Equipment,12,1,Seats,1,0,,0,7,Seats for outdoor use are adjacent to a circulation space.,,Comfort,Design Development,1,1,1 Credit: Implement 3 of 9,,,,,,,,,,,,,,,,
388,504,7.1.8,H2,7,Furnishings and Equipment,12,1,Seats,1,0,,0,8,"Seats for outdoor use are available in both shaded and unshaded areas, and are protected against splashing from bicycle and vehicular traffic.",,ComfortWellnessCultural Appropriateness,Design Development,1,1,1 Credit: Implement 3 of 9,Fig_504A.png,Outdoor seating in shaded area,Photograph of a concrete plaza with three picnic tables located along the edge of the plaza shaded by trees.,Latest Version,Fig_504B.png,,,Under Development,,,,,,,,
389,506,7.1.9,H2,7,Furnishings and Equipment,12,1,Seats,1,0,,0,9,"Seats for outdoor use are located in a shelter from sun, wind, and/or inclement weather.",,ComfortWellnessCultural Appropriateness,Design Development,1,1,1 Credit: Implement 3 of 9,Fig_506.png,Public transit shelter with seating,Plan view drawing of a transit shelter with a seat inside and outside the shelter.,Latest Version,,,,,,,,,,,,
390,258,7.2.1,H2,7,Furnishings and Equipment,12,2,Tables,1,0,,0,1,Tables are available at two or more heights.,,Body FitPersonalization,Specifications,1,2,1 Credit: Implement 1 of 2,Fig_258.png,Tables at two different heights,"Photograph of a room with three tables at a standard height with lightweight chairs surrounding them. It also depicts a larger, taller table with two lightweight stools.",Latest Version,,,,,,,,,,,,
391,668,7.2.2,H2,7,Furnishings and Equipment,12,2,Tables,1,0,,0,2,"Tables in secure areas are moveable, and have wheels and/or are lightweight.",,PersonalizationComfort,Specifications,1,2,1 Credit: Implement 1 of 2,,,,,,,,,,,,,,,,
392,605,7.3.1,H2,7,Furnishings and Equipment,12,3,Furniture and Surfaces,1,0,,0,1,The majority of surfaces and displays do not cause reflections and glare.,,ComfortAwareness,Specifications,1,3,1 Credit: Implement 1 of 3,Fig_605.png,,,Under Development,,,,,,,,,,,,
393,634,7.3.2,H2,7,Furnishings and Equipment,12,3,Furniture and Surfaces,1,0,,0,2,"All furniture and solid surfaces, floors, and walls, can be cleaned with water, ozone, and/or non-toxic chemicals.",,Wellness,Specifications,1,3,1 Credit: Implement 1 of 3,,,,,,,,,,,,,,,,
394,635,7.3.3,H2,7,Furnishings and Equipment,12,3,Furniture and Surfaces,1,0,,0,3,Selected furniture and solid surfaces are made of low-emitting materials.,,Wellness,Specifications,1,3,1 Credit: Implement 1 of 3,,,,,,,,,,,,,,,,
395,661,7.4.1,H2,7,Furnishings and Equipment,12,4,Sales and Service Counters,1,0,,0,1,"All sales and service counters have clear floor space at all stations, and where a forward approach is integral to use, all sales and service counters have knee and toe clearance at all stations.",,Body Fit,Specifications,1,4,1 Credit: Implement 3 of 5,,,,,,,,,,,,,,,,
396,230,7.4.2,H2,7,Furnishings and Equipment,12,4,Sales and Service Counters,1,0,,0,2,There are a sufficient number of sales and service counters and stations to satisfy user needs during periods of peak demand.,,ComfortCultural Appropriateness,OperationsDesign Development,1,4,1 Credit: Implement 3 of 5,,,,,,,,,,,,,,,,
397,231,7.4.3,H2,7,Furnishings and Equipment,12,4,Sales and Service Counters,1,0,,0,3,All sales and service counters have low countertops or multiple levels at every station.,,Body FitSocial Integration,Specifications,1,4,1 Credit: Implement 3 of 5,Fig_231.png,Sales and service counter options,Drawing depicting standing people and people using wheeled mobility devices at two service counters. One counter has high and low areas at each station. The other has a single low counter.,Latest Version,,,,,,,,,,,,
398,637,7.4.4,H2,7,Furnishings and Equipment,12,4,Sales and Service Counters,1,0,,0,4,"Selected sales and service counters have an inductive loop system or alternative assistive communication system (e.g., text communication system).",,AwarenessUnderstanding,SpecificationsOperations,1,4,1 Credit: Implement 3 of 5,,,,,,,,,,,,,,,,
399,293,7.4.5,H2,7,Furnishings and Equipment,12,4,Sales and Service Counters,1,0,,0,5,"Selected sales and service counters have a nearby kiosk available for self-assistance (e.g., product availability and location, frequently asked questions, etc.).",,Awareness,OperationsSpecifications,1,4,1 Credit: Implement 3 of 5,,,,,,,,,,,,,,,,
400,298,7.5.1,H3,7,Furnishings and Equipment,12,5,Work Stations,1,0,,0,1,All work stations have space underneath for knees and toes.,,Body Fit,Specifications,1,5,1 Credit: Implement 5 of 11,,,,,,,,,,,,,,,,
401,753,7.5.2,H3,7,Furnishings and Equipment,12,5,Work Stations,1,0,,0,2,All work stations have adjustable height chairs.,,Body FitComfortPersonalization,Specifications,1,5,1 Credit: Implement 5 of 11,,,,,,,,,,,,,,,,
402,296,7.5.3,H3,7,Furnishings and Equipment,12,5,Work Stations,1,0,,0,3,All work stations have adjustable height work surfaces and/or can be configured for sitting or standing work upon request.,,Body FitComfortPersonalizationWellness,Specifications,1,5,1 Credit: Implement 5 of 11,,,,,,,,,,,,,,,,
403,856,7.5.4,H3,7,Furnishings and Equipment,12,5,Work Stations,1,0,,0,4,All work stations have user-controlled task lighting.,,PersonalizationAwarenessWellness,Specifications,1,5,1 Credit: Implement 5 of 11,,,,,,,,,,,,,,,,
404,297,7.5.5,H3,7,Furnishings and Equipment,12,5,Work Stations,1,0,,0,5,"Where work stations have computers, all such stations have adjustable keyboard trays.",,ComfortPersonalizationBody Fit,Specifications,1,5,1 Credit: Implement 5 of 11,,,,,,,,,,,,,,,,
405,680,7.5.6,H3,7,Furnishings and Equipment,12,5,Work Stations,1,0,,0,6,"Where work stations have computers, all such stations have a flat work space on the left and right side of the computer monitor.",,Body FitComfort,Specifications,1,5,1 Credit: Implement 5 of 11,Fig_680.png,Computer work station,Drawing of a plan view of a computer work station with empty work space to the left and right of the computer.,Latest Version,,,,,,,,,,,,
406,313,7.5.7,H2,7,Furnishings and Equipment,12,5,Work Stations,1,0,,0,7,"Where work stations have computers, all such stations have a wire management system.",,Wellness,Specifications,1,5,1 Credit: Implement 5 of 11,,,,,,,,,,,,,,,,
407,681,7.5.9,H3,7,Furnishings and Equipment,12,5,Work Stations,1,0,,0,9,"Where work stations are intended standing work only, all such stations are designed to avoid unnecessary bending, lifting, or twisting. ",,ComfortWellness,Specifications,1,5,1 Credit: Implement 5 of 11,,,,,,,,,,,,,,,,
408,302,7.5.10,H3,7,Furnishings and Equipment,12,5,Work Stations,1,0,,0,10,"Work stations are available for group work, including nontraditional  and alternative working styles (e.g., lounge, game rooms, etc.).",,PersonalizationSocial Integration,Design DevelopmentSchematic Design,1,5,1 Credit: Implement 5 of 11,Fig_302A.png,Group work tables,"Photograph of several tables in an office environment, some high, and others low.",Latest Version,Fig_302B.png,Work lounge,Photograph of an office environment with a couch and two chairs around a coffee table with a bookcase and television.,Latest Version,,,,,,,,
409,303,7.5.11,H3,7,Furnishings and Equipment,12,5,Work Stations,1,0,,0,11,"Work stations share a central hub containing shared supplies and resources (e.g., printers, copiers, office supplies, etc.).",,Comfort,Schematic DesignDesign Development,1,5,1 Credit: Implement 5 of 11,,,,,,,,,,,,,,,,
410,682,7.5.12,H3,7,Furnishings and Equipment,12,5,Work Stations,1,0,,0,12,"Where work stations are located in factory settings, all such stations have equipment to assist in moving heavy loads. ",,Wellness,Design DevelopmentOperationsSpecifications,1,5,1 Credit: Implement 5 of 11,,,,,,,,,,,,,,,,
411,511,7.6.1,H2,7,Furnishings and Equipment,12,6,Waste Receptacles,1,0,,0,1,"All waste receptacles either have no door, a motion-activated door, or an attached door that does not provide resistance (e.g., is not spring-loaded).",,Body FitComfortWellness,OperationsSpecifications,1,6,1 Credit: Implement 2 of 3,,,,,,,,,,,,,,,,
412,512,7.6.2,H2,7,Furnishings and Equipment,12,6,Waste Receptacles,1,0,,0,2,"Selected waste receptacles for trash have an adjacent receptacle for recyclable materials that have a distinct visual appearance, including differentiating color, pictogram, and text.",,ComfortAwareness,OperationsSpecifications,1,6,1 Credit: Implement 2 of 3,Fig_512A.png,Waste receptacle with separate doors for  garbage and recycling ,"Photograph of a waste receptacle with two input doors: One with a pictogram indicating it is for garbage, the other indicating only recyclable materials allowed.",Latest Version,Fig_512B.png,Waste receptacle with separate doors for garbage and recycling,"Section drawing of a person holding a food tray with a bottle on it, approaching a waste receptacle with two doors, one labeled and color coded with pictograms for recycling and the other for trash.",Latest Version,,,,,,,,
413,514,7.6.3,H2,7,Furnishings and Equipment,12,6,Waste Receptacles,1,0,,0,3,"All waste receptacles are sized to be commensurate with demand and maintenance schedule, and are located at all entrances/exits to spaces with different primary functions and at all intersecting circulation spaces.",,Comfort,OperationsSpecifications,1,6,1 Credit: Implement 2 of 3,Fig_514.png,Example of appropriately sized trash receptacles,"Section drawings depicting two scenarios. The first is marked with a red X, depicting two people with food trays approaching a small waste basket. The other is marked with a green check mark, depictin",Latest Version,,,,,,,,,,,,
414,508,7.7.1,H2,7,Furnishings and Equipment,12,7,Drinking Fountains,1,0,,0,1,All drinking fountains have two or more available spout heights at every location.,,Body FitPersonalization,Specifications,1,7,1 Credit: Implement 2 of 3,Fig_508A.png,"""High-Low"" drinking fountain with bottle filling station","Photograph of two adjacent drinking water fountains, one higher than the other. The higher one has a bottle filling station.",Latest Version,Fig_508B.png,Required height of two drinking water fountain spouts and recommended height of spout for children,,Latest Version,,,,,,,,
415,510,7.7.2,H2,7,Furnishings and Equipment,12,7,Drinking Fountains,1,0,,0,2,"All drinking fountains have an integrated bottle filling station or are adjacent to a means of filling water bottles with one hand (e.g., water cooler).",,PersonalizationWellness,Specifications,1,7,1 Credit: Implement 2 of 3,Fig_510A.png,Drinking water fountain with bottle filling station,Photograph of a drinking water fountain with a bottle filling station. The filling station indicates users should place their bottle upright to have water dispensed from above the bottle.,Latest Version,Fig_510B.png,Drinking water fountain with  bottle filling station,"Section drawing depicting a person with one arm holding a bottle, approaching a drinking water fountain with a bottle filling station. The filling station indicates users should place their bottle upr",Latest Version,,,,,,,,
416,698,7.7.3,H2,7,Furnishings and Equipment,12,7,Drinking Fountains,1,0,,0,3,Selected drinking water dispensers offer cold and hot water options.,,Personalization,Specifications,1,7,1 Credit: Implement 2 of 3,,,,,,,,,,,,,,,,
417,653,7.8.1,H3,7,Furnishings and Equipment,12,8,Lockers,1,0,,0,1,"Lockers are available at various heights, with hooks and shelves at various heights. ",,Body FitPersonalization,SpecificationsDesign Development,1,8,1 Credit: Implement 1 of 2,Fig_653.png,Various locker sizes and arrangements,"Drawings of a bank of lockers in three different sizes: full height, two stacked, and three stacked. It also depicts the interior of the lockers with hooks and shelves available at multiple heights.",Latest Version,,,,,,,,,,,,
418,654,7.8.2,H3,7,Furnishings and Equipment,12,8,Lockers,1,0,,0,2,All lockers have electronic securement systems with clear instructions.,,Understanding,Specifications,1,8,1 Credit: Implement 1 of 2,Fig_654.png,Electronic securement system,Drawing of a numbered keypad with swipe card capability.,Latest Version,,,,,,,,,,,,
419,531,7.9.1,H2,7,Furnishings and Equipment,12,9,Transaction Machines,1,0,,0,1,"All transaction machines have a centered clear floor space for forward approach with knee and toe clearances, or a clear floor space for a parallel approach.",,Body Fit,Design Development,1,9,1 Credit: Implement 5 of 7,Fig_531A_533A.png,ATM with space for parallel approach,Photograph of an A T M with sufficient space to allow right and left handed use by a wheeled mobility device user in a forward or parallel approach.,Latest Version,Fig_531B_533B.png,Fare machine with space for parallel approach,Photograph of a fare machine with sufficient space to allow right and left handed use by a wheeled mobility device user in a forward or parallel approach.,Latest Version,,,,,,,,
420,533,7.9.2,H2,7,Furnishings and Equipment,12,9,Transaction Machines,1,0,,0,2,"All transaction machines have two overlapping clear floor spaces, one with the machine centerline aligned with the right shoulder, and the other aligned with the left shoulder.",,Body Fit,Design Development,1,9,1 Credit: Implement 5 of 7,Fig_531A_533A.png,ATM with overlapping left- and right-handed clear floor spaces,Photograph of an A T M with sufficient space to allow right and left handed use by a wheeled mobility device user in a forward or parallel approach.,Latest Version,Fig_531B_533B.png,Fare machine with overlapping left- and right-handed clear floor spaces,Photograph of fare machine with sufficient space to allow right and left handed use by a wheeled mobility device user in a forward or parallel approach.,Latest Version,,,,,,,,
421,535,7.9.4,H2,7,Furnishings and Equipment,12,9,Transaction Machines,1,0,,0,4,All transaction machines have an adjacent shelf for resting personal belongings within reach.,,Comfort,SpecificationsDesign Development,1,9,1 Credit: Implement 5 of 7,,,,,,,,,,,,,,,,
422,536,7.9.5,H2,7,Furnishings and Equipment,12,9,Transaction Machines,1,0,,0,5,All transaction machines have sufficient space for a waiting queue.,,ComfortBody Fit,Design Development,1,9,1 Credit: Implement 5 of 7,,,,,,,,,,,,,,,,
423,538,7.9.6,H2,7,Furnishings and Equipment,12,9,Transaction Machines,1,0,,0,6,All transaction machines have instructions and customer service staff in close proximity or a means to contact customer support visible at all times.,,AwarenessUnderstandingWellness,SpecificationsSpecificationsSpecificationsOperations,1,9,1 Credit: Implement 5 of 7,,,,,,,,,,,,,,,,
424,550,7.9.7,H2,7,Furnishings and Equipment,12,9,Transaction Machines,1,0,,0,7,"All transaction machines have all controls, functions, and displays reachable and viewable from both seated and standing positions.",,Body FitAwareness,Specifications,1,9,1 Credit: Implement 5 of 7,,,,,,,,,,,,,,,,
425,897,7.9.8,H2,7,Furnishings and Equipment,12,9,Transaction Machines,1,0,,0,8,"All transaction machines provide at least 5 of the following features:1) Information in more than one format (e.g., print, symbol, multiple languages, tactile, verbal)2) Audio component with volume control and headphone jack3) Adjustable text size and contrast4) ""Cancel"" option to undo incorrect input and go back to a previous step5) Visual and audible feedback on all actions6) Functions arranged and/or color-coded to correspond with the order of use7) More than one form of payment accepted, including cash, check, money order, credit card, smart card, online payment services, and smartphone8) Eject tray or other dispenser allowing secure retrieval of product with one hand9) Security features such as a mirror or display to allow any user to see behind them, shielded keypad, video surveillance, emergency call function, and/or sufficient lighting",,AwarenessUnderstanding,SpecificationsSpecificationsSpecifications,1,9,1 Credit: Implement 5 of 7,,,,,,,,,,,,,,,,
426,678,7.10.1,H2,7,Furnishings and Equipment,12,10,Telephones and Computers,1,0,,0,1,"All telephones have a visual communication option (e.g., video screen, text messaging).",,Social IntegrationUnderstandingPersonalization,SpecificationsOperations,1,10,1 Credit: Implement 2 of 4,,,,,,,,,,,,,,,,
427,679,7.10.2,H2,7,Furnishings and Equipment,12,10,Telephones and Computers,1,0,,0,2,"All telephones have a hands free option (e.g., speakerphone, wireless headset).",,Social IntegrationComfort,OperationsSpecifications,1,10,1 Credit: Implement 2 of 4,,,,,,,,,,,,,,,,
428,311,7.10.3,H2,7,Furnishings and Equipment,12,10,Telephones and Computers,1,0,,0,3,All computer screens are adjustable in height or view angle.,,Body FitComfortPersonalization,OperationsSpecifications,1,10,1 Credit: Implement 2 of 4,,,,,,,,,,,,,,,,
429,312,7.10.4,H2,7,Furnishings and Equipment,12,10,Telephones and Computers,1,0,,0,4,"All computers have wireless connectivity to selected technology peripherals (e.g., keyboard, mouse, printers, etc.).",,Comfort,OperationsSpecifications,1,10,1 Credit: Implement 2 of 4,,,,,,,,,,,,,,,,
430,685,7.11.1,H2,7,Furnishings and Equipment,12,11,Equipment,1,0,,0,1,All equipment and emergency controls are visible and located within reach.,,Body FitAwarenessWellness,Specifications,1,11,1 Credit: Implement 1 of 3,,,,,,,,,,,,,,,,
431,683,7.11.2,H2,7,Furnishings and Equipment,12,11,Equipment,1,0,,0,2,Selected equipment is moveable and adjustable to fit different users. ,,Body FitComfort,Specifications,1,11,1 Credit: Implement 1 of 3,,,,,,,,,,,,,,,,
432,686,7.11.3,H2,7,Furnishings and Equipment,12,11,Equipment,1,0,,0,3,"Selected equipment on platforms can be accessed via elevator, lift, or ramp. ",,Body Fit,Specifications,1,11,1 Credit: Implement 1 of 3,,,,,,,,,,,,,,,,
433,569,7.12.1,H2,7,Furnishings and Equipment,12,12,Vegetation,1,0,,0,1,Vegetation provides periodic shady areas on exterior pedestrian circulation spaces and at selected seating areas.,,ComfortWellness,Schematic DesignDesign DevelopmentOperations,1,12,1 Credit: Implement 2 of 3,Fig_569A.png,"Trees provide shade on exterior paths, assuming they do not drop foliage, needles, flowers, nuts, fruit, or similar material that may in turn cause a hazard.","Photograph of a paved pedestrian pathway through a field. The path is lined with trees, providing shade along the path.",Latest Version,Fig_569B.png,,,Under Development,,,,,,,,
434,570,7.12.2,H2,7,Furnishings and Equipment,12,12,Vegetation,1,0,,0,2,"All vegetation is low-pollen, not poisonous, and devoid of thorns or other abrasive elements.",,Wellness,Schematic DesignDesign DevelopmentOperations,1,12,1 Credit: Implement 2 of 3,,,,,,,,,,,,,,,,
435,571,7.12.3,H2,7,Furnishings and Equipment,12,12,Vegetation,1,0,,0,3,"Where vegetation that routinely drops foliage, needles, flowers, nuts, fruit, or similar material is provided, it is located such that the branches are not directly above any circulation space.",,Wellness,Schematic DesignDesign DevelopmentOperations,1,12,1 Credit: Implement 2 of 3,,,,,,,,,,,,,,,,
436,323,8.1.1,H2,8,Services,6,1,Customer Services,1,0,,0,1,"Customer service is trained and/or equipped to provide people with assistance, including people with disabilities.",Required,Body FitAwarenessUnderstandingSocial IntegrationWellness,Operations,1,1,1 Credit: Implement 3 of 5,,,,,,,,,,,,,,,,
437,327,8.1.2,H2,8,Services,6,1,Customer Services,1,0,,0,2,"Customer service is trained and equipped to provide assistive technology (e.g., assistive listening devices) and/or setup real-time captioning services.",,AwarenessWellness,Operations,1,1,1 Credit: Implement 3 of 5,,,,,,,,,,,,,,,,
438,329,8.1.3,H2,8,Services,6,1,Customer Services,1,0,,0,3,Customer service is equipped to reference past preferences provided by the customer.,,Personalization,Operations,1,1,1 Credit: Implement 3 of 5,,,,,,,,,,,,,,,,
439,330,8.1.4,H2,8,Services,6,1,Customer Services,1,0,,0,4,Customer service has a text telephone (TTY) access line or online text chat service.,,AwarenessUnderstanding,Operations,1,1,1 Credit: Implement 3 of 5,,,,,,,,,,,,,,,,
440,331,8.1.5,H2,8,Services,6,1,Customer Services,1,0,,0,5,Customer service telephone lines have 3 of the following features:1) Information on waiting time2) Language option3) Live operator option4) On-hold music or announcements5) Touch-tone keypad entered information is not collected again by operator,,UnderstandingAwareness,Operations,1,1,1 Credit: Implement 3 of 5,,,,,,,,,,,,,,,,
441,362,8.2.1,H2,8,Services,6,2,Purchasing Services,1,0,,0,1,"Purchasing services accept more than one form of payment (e.g., cash, check, money order, credit card, online payment, smartphone).",,Personalization,Operations,1,2,1 Credit: Implement 3 of 10,,,,,,,,,,,,,,,,
442,373,8.2.2,H2,8,Services,6,2,Purchasing Services,1,0,,0,2,Purchasing services include secure transmission of customer and payment data.,,Wellness,Operations,1,2,1 Credit: Implement 3 of 10,,,,,,,,,,,,,,,,
443,363,8.2.3,H2,8,Services,6,2,Purchasing Services,1,0,,0,3,Purchasing services allow customer pick-up at a facility with a covered area.,,PersonalizationComfort,OperationsDesign DevelopmentSchematic Design,1,2,1 Credit: Implement 3 of 10,Fig_363.png,Covered pick-up area,"Plan drawing depicting a building with a covered area, under which is a driveway with a vehicle waiting.",Latest Version,,,,,,,,,,,,
444,365,8.2.4,H2,8,Services,6,2,Purchasing Services,1,0,,0,4,Purchasing services notify the customer when an order is ready for pick-up.,,Awareness-,Operations,1,2,1 Credit: Implement 3 of 10,,,,,,,,,,,,,,,,
445,366,8.2.5,H2,8,Services,6,2,Purchasing Services,1,0,,0,5,Purchasing services provide a home delivery option.,,Personalization,Operations,1,2,1 Credit: Implement 3 of 10,,,,,,,,,,,,,,,,
446,928,8.2.6,H2,8,Services,6,2,Purchasing Services,1,0,,0,6,Purchasing services offer assistance in assembling or installing items purchased.,,Understanding,Operations,1,2,1 Credit: Implement 3 of 10,,,,,,,,,,,,,,,,
447,367,8.2.7,H2,8,Services,6,2,Purchasing Services,1,0,,0,7,Purchasing services provide a personal shopper service.,,Personalization,Operations,1,2,1 Credit: Implement 3 of 10,,,,,,,,,,,,,,,,
448,368,8.2.8,H2,8,Services,6,2,Purchasing Services,1,0,,0,8,Purchasing services include ordering over the telephone or online with real-time order status updates.,,PersonalizationUnderstanding,Operations,1,2,1 Credit: Implement 3 of 10,,,,,,,,,,,,,,,,
449,370,8.2.9,H2,8,Services,6,2,Purchasing Services,1,0,,0,9,"Purchasing services include ordering, tracking, and paying via smartphone or tablet application.",,AwarenessPersonalization,Operations,1,2,1 Credit: Implement 3 of 10,,,,,,,,,,,,,,,,
450,371,8.2.10,H2,8,Services,6,2,Purchasing Services,1,0,,0,10,Purchasing services explain the entire ordering and delivery process prior to finalizing the order.,,Understanding,Operations,1,2,1 Credit: Implement 3 of 10,,,,,,,,,,,,,,,,
451,755,8.3.1,H2,8,Services,6,3,Child Care Services,1,0,,0,1,Child Care services are equipped to provide assistance to children and adults with disabilities.,Required,Body FitAwarenessUnderstandingSocial IntegrationWellness,Operations,1,3,1 Credit: Implement 3 of 4,,,,,,,,,,,,,,,,
452,375,8.3.2,H2,8,Services,6,3,Child Care Services,1,0,,0,2,"Child Care services have security measures such as fences, automatically locking doors, and policies and procedures governing to whom children may be released.",Required,Wellness,Design DevelopmentSpecificationsOperations,1,3,1 Credit: Implement 3 of 4,,,,,,,,,,,,,,,,
453,376,8.3.3,H2,8,Services,6,3,Child Care Services,1,0,,0,3,Child Care services have play equipment for different ages and ability levels.,,Body Fit,Design DevelopmentOperationsSpecifications,1,3,1 Credit: Implement 3 of 4,,,,,,,,,,,,,,,,
454,377,8.3.4,H2,8,Services,6,3,Child Care Services,1,0,,0,4,Child Care services have staff supervisors on site or available by telephone.,,Wellness,Operations,1,3,1 Credit: Implement 3 of 4,,,,,,,,,,,,,,,,
455,672,8.4.1,H2,8,Services,6,4,Food Services,1,0,,0,1,Nutritious food options are available in all vending machines and replenished frequently.,,WellnessPersonalization,Operations,1,4,1 Credit: Implement 2 of 9,,,,,,,,,,,,,,,,
456,671,8.4.2,H2,8,Services,6,4,Food Services,1,0,,0,2,"Food selection accommodates people with various dietary restrictions and preferences (e.g., vegan, vegetarian, dairy-free, gluten-free, allergies, Kosher, organic, etc.).",,WellnessPersonalization,Operations,1,4,1 Credit: Implement 2 of 9,,,,,,,,,,,,,,,,
457,669,8.4.3,H2,8,Services,6,4,Food Services,1,0,,0,3,Selected food options are sourced from an on-site garden or local farms and businesses.,,Wellness,Operations,1,4,1 Credit: Implement 2 of 9,,,,,,,,,,,,,,,,
458,270,8.4.4,H2,8,Services,6,4,Food Services,1,0,,0,4,"Food orders can be placed via telephone, text message, and/or online service with immediate confirmation.",,AwarenessUnderstanding,Operations,1,4,1 Credit: Implement 2 of 9,,,,,,,,,,,,,,,,
459,259,8.4.5,H2,8,Services,6,4,Food Services,1,0,,0,5,"All menus provide information in multiple formats (e.g., print, large print, online, multiple languages, tactile, verbal).",,AwarenessUnderstanding,Operations,1,4,1 Credit: Implement 2 of 9,,,,,,,,,,,,,,,,
460,265,8.4.6,H2,8,Services,6,4,Food Services,1,0,,0,6,"All menus and food packaging provide nutrition information for all offerings (e.g., calories, trans fat, etc.).",,AwarenessUnderstandingWellness,Operations,1,4,1 Credit: Implement 2 of 9,,,,,,,,,,,,,,,,
461,264,8.4.7,H2,8,Services,6,4,Food Services,1,0,,0,7,"All menus and food packaging identify items for people with dietary restrictions with a special symbol (e.g., for peanut-free, low-calorie, vegan, vegetarian, gluten-free, etc.).",,AwarenessUnderstandingWellness,Operations,1,4,1 Credit: Implement 2 of 9,Fig_264.png,Examples of symbols identifying dietary restrictions,"Drawing depicting the letter V in a circle to represent vegan menu items, a peanut with a slash through it to show it is peanut free, and the letters G F to represent gluten free menu options.",Latest Version,,,,,,,,,,,,
462,266,8.4.8,H2,8,Services,6,4,Food Services,1,0,,0,8,"Menus reiterate all information posted on handwritten signs, posters, blackboards, etc. (e.g., daily/weekly specials, beverage options, side dishes, etc.).",,AwarenessUnderstanding,Operations,1,4,1 Credit: Implement 2 of 9,,,,,,,,,,,,,,,,
463,267,8.4.9,H2,8,Services,6,4,Food Services,1,0,,0,9,All menus are available online.,,Wellness,Operations,1,4,1 Credit: Implement 2 of 9,,,,,,,,,,,,,,,,
464,102,8.5.1,H3,8,Services,6,5,On-site Services,1,0,,0,1,On-site services include a parking shuttle service or a valet service.,,Comfort-Personalization-,Schematic DesignOperationsDesign Development,1,5,1 Credit: Implement 2 of 13,,,,,,,,,,,,,,,,
465,648,8.5.2,H3,8,Services,6,5,On-site Services,1,0,,0,2,On-site services include a bicycle valet service and/or valet for other forms of alternative transportation.,,ComfortWellness,Schematic DesignOperationsDesign Development,1,5,1 Credit: Implement 2 of 13,,,,,,,,,,,,,,,,
466,728,8.5.3,H2,8,Services,6,5,On-site Services,1,0,,0,3,"On-site services include medical service for treatment of illness or injury, or consultation.",,Wellness,Schematic DesignDesign DevelopmentOperations,1,5,1 Credit: Implement 2 of 13,,,,,,,,,,,,,,,,
467,811,8.5.4,H2,8,Services,6,5,On-site Services,1,0,,0,4,On-site services include pharmacy service.,,Wellness,Schematic DesignDesign DevelopmentOperations,1,5,1 Credit: Implement 2 of 13,,,,,,,,,,,,,,,,
468,929,8.5.5,H2,8,Services,6,5,On-site Services,1,0,,0,5,On-site services include child care service.,,Cultural AppropriatenessSocial IntegrationWellness,Schematic DesignDesign DevelopmentOperations,1,5,1 Credit: Implement 2 of 13,,,,,,,,,,,,,,,,
469,737,8.5.6,H2,8,Services,6,5,On-site Services,1,0,,0,6,On-site services include concierge service.,,Cultural AppropriatenessSocial IntegrationPersonalization,Schematic DesignDesign DevelopmentOperations,1,5,1 Credit: Implement 2 of 13,,,,,,,,,,,,,,,,
470,739,8.5.7,H2,8,Services,6,5,On-site Services,1,0,,0,7,On-site services include on-site banking and/or automatic teller machines.,,Comfort,Schematic DesignDesign DevelopmentOperations,1,5,1 Credit: Implement 2 of 13,,,,,,,,,,,,,,,,
471,740,8.5.8,H2,8,Services,6,5,On-site Services,1,0,,0,8,"On-site services include on-site postal service (e.g., staffed kiosk, drop boxes, automated postage and mailing machines, etc.).",,Comfort,Schematic DesignDesign DevelopmentOperations,1,5,1 Credit: Implement 2 of 13,,,,,,,,,,,,,,,,
472,756,8.5.9,H2,8,Services,6,5,On-site Services,1,0,,0,9,"On-site services include on-site laundry, dry cleaning, and/or alterations service.",,Comfort,Schematic DesignDesign DevelopmentOperations,1,5,1 Credit: Implement 2 of 13,,,,,,,,,,,,,,,,
473,757,8.5.10,H2,8,Services,6,5,On-site Services,1,0,,0,10,On-site services include a convenience store.,,Comfort,Schematic DesignDesign DevelopmentOperations,1,5,1 Credit: Implement 2 of 13,,,,,,,,,,,,,,,,
474,758,8.5.11,H2,8,Services,6,5,On-site Services,1,0,,0,11,"On-site services include automobile repair, maintenance, and/or washing and detailing service.",,Comfort,Schematic DesignDesign DevelopmentOperations,1,5,1 Credit: Implement 2 of 13,,,,,,,,,,,,,,,,
475,759,8.5.12,H2,8,Services,6,5,On-site Services,1,0,,0,12,"On-site services include salon and grooming service (e.g., beauty, hair, spa, etc.).",,Cultural AppropriatenessSocial IntegrationWellnessComfort,Schematic DesignDesign DevelopmentOperations,1,5,1 Credit: Implement 2 of 13,,,,,,,,,,,,,,,,
476,386,8.5.13,H2,8,Services,6,5,On-site Services,1,0,,0,13,"On-site services include shuttle service to public transit stops and off-site services (e.g., bank, restaurants, post office, etc.).",,Body FitCultural AppropriatenessComfortWellness,Schematic DesignDesign DevelopmentOperations,1,5,1 Credit: Implement 2 of 13,,,,,,,,,,,,,,,,
477,863,8.6.1,H2,8,Services,6,6,Websites and Smartphone Applications,1,0,,0,1,All websites and smartphone applications comply with W3C Standards.,Required,Understanding,Operations,1,6,1 Credit: Implement 2 of 3,,,,,,,,,,,,,,,,
478,902,8.6.2,H2,8,Services,6,6,Websites and Smartphone Applications,1,0,,0,2,"All websites and smartphone applications have 6 of the following features:1) information in multiple languages2) plain text option3) feedback on successful completion of tasks (in both visual or audible modes)4) ability to cancel actions and go back to a previous step at any time5) intuitive navigation structure6) intuitive login process7) accessible alternative to any visual challenge-response test (e.g., CAPTCHA)8) access to search and site map from every page9) information on current and past locations in the navigation structure10) help pages that provide immediate guidance or answers to frequently asked questions",,Understanding,Operations,1,6,1 Credit: Implement 2 of 3,,,,,,,,,,,,,,,,
479,903,8.6.3,H2,8,Services,6,6,Websites and Smartphone Applications,1,0,,0,3,"All websites and smartphone applications have 2 of the following features:1) price comparisons of comparable products2) customer feedback mechanisms (e.g., reviews of products and services, surveys, etc.)3) reservation, appointment scheduling, and/or purchasing options4) manuals and/or step-by-step guides for  product operation and maintenance, procedures for obtaining service, and warranty information5) information for navigating the physical site, including entrance/exit locations, parking locations, accessible parking, loading areas, accessible routes, etc. in an accessible format",,Understanding,Operations,1,6,1 Credit: Implement 2 of 3,,,,,,,,,,,,,,,,
480,389,9.1.1,H2,9,Policies,4,1,Facility Management Policies,2,0,,0,1,"Facility management policies include a quality assurance / quality improvement program that includes preventive maintenance of all facility grounds, spaces, features, and amenities.",Required,ComfortWellness,Operations,1,1,2 Credits: Implement 8 of 14      |      1 Credit: Implement 6 of 14,,,,,,,,,,,,,,,,
481,774,9.1.2,H2,9,Policies,4,1,Facility Management Policies,2,0,,0,2,"Facility management policies ensure routine maintenance of HVAC system, including replacement of air filters.",,Wellness,Operations,1,1,2 Credits: Implement 8 of 14      |      1 Credit: Implement 6 of 14,,,,,,,,,,,,,,,,
482,394,9.1.3,H2,9,Policies,4,1,Facility Management Policies,2,0,,0,3,"Facility management policies involve training staff on responsibilities for maintaining an inclusive built environment (e.g., ensuring appropriately sized and placed furniture).",,-UnderstandingCultural Appropriateness,Operations,1,1,2 Credits: Implement 8 of 14      |      1 Credit: Implement 6 of 14,,,,,,,,,,,,,,,,
483,393,9.1.4,H2,9,Policies,4,1,Facility Management Policies,2,0,,0,4,Facility management policies involve training staff on all maintenance procedures and updates.,,UnderstandingWellness,Operations,1,1,2 Credits: Implement 8 of 14      |      1 Credit: Implement 6 of 14,,,,,,,,,,,,,,,,
484,390,9.1.5,H2,9,Policies,4,1,Facility Management Policies,2,0,,0,5,Facility management policies include a rapid response team for emergency maintenance issues.,,Wellness,Operations,1,1,2 Credits: Implement 8 of 14      |      1 Credit: Implement 6 of 14,,,,,,,,,,,,,,,,
485,713,9.1.6,H2,9,Policies,4,1,Facility Management Policies,2,0,,0,6,"Facility management policies ensure all transit routes, circulation spaces, and entrances are cleared of snow or debris in a timely manner.",,WellnessCultural Appropriateness,OperationsDesign Development,1,1,2 Credits: Implement 8 of 14      |      1 Credit: Implement 6 of 14,,,,,,,,,,,,,,,,
486,773,9.1.7,H2,9,Policies,4,1,Facility Management Policies,2,0,,0,7,Facility management policies ensure walking surfaces are kept dry.,,Wellness,Operations,1,1,2 Credits: Implement 8 of 14      |      1 Credit: Implement 6 of 14,,,,,,,,,,,,,,,,
487,572,9.1.8,H2,9,Policies,4,1,Facility Management Policies,2,0,,0,8,Facility management policies ensure vegetation is cared for as part of a regular maintenance schedule.,,Wellness,Operations,1,1,2 Credits: Implement 8 of 14      |      1 Credit: Implement 6 of 14,,,,,,,,,,,,,,,,
488,760,9.1.9,H2,9,Policies,4,1,Facility Management Policies,2,0,,0,9,Facility management policies ensure waste receptacles are emptied regularly.,,Wellness,Operations,1,1,2 Credits: Implement 8 of 14      |      1 Credit: Implement 6 of 14,,,,,,,,,,,,,,,,
489,396,9.1.10,H2,9,Policies,4,1,Facility Management Policies,2,0,,0,10,"Facility management policies include a waste reduction program (e.g., incentives for staff and visitors).",,Cultural AppropriatenessWellness,Operations,1,1,2 Credits: Implement 8 of 14      |      1 Credit: Implement 6 of 14,,,,,,,,,,,,,,,,
490,397,9.1.11,H2,9,Policies,4,1,Facility Management Policies,2,0,,0,11,"Facility management policies include comprehensive recycling (e.g., incentives for staff and visitors).",,Cultural AppropriatenessWellness,Operations,1,1,2 Credits: Implement 8 of 14      |      1 Credit: Implement 6 of 14,,,,,,,,,,,,,,,,
491,398,9.1.12,H2,9,Policies,4,1,Facility Management Policies,2,0,,0,12,Facility management policies include on-site composting of biodegradable waste.,,Cultural AppropriatenessWellness,Operations,1,1,2 Credits: Implement 8 of 14      |      1 Credit: Implement 6 of 14,,,,,,,,,,,,,,,,
492,761,9.1.13,H2,9,Policies,4,1,Facility Management Policies,2,0,,0,13,"Facility management policies ensure routine cleaning and disinfecting of frequently touched surfaces (e.g., bathrooms, food preparation areas, door handles, light switches, railings, etc.).",,Wellness,Operations,1,1,2 Credits: Implement 8 of 14      |      1 Credit: Implement 6 of 14,,,,,,,,,,,,,,,,
493,395,9.1.14,H2,9,Policies,4,1,Facility Management Policies,2,0,,0,14,"Facility management policies require use of cleaners and supplies that do not have chemicals known to be toxic, or otherwise potentially hazardous to one's health.",,Wellness,Operations,1,1,2 Credits: Implement 8 of 14      |      1 Credit: Implement 6 of 14,,,,,,,,,,,,,,,,
494,406,9.2.1,H2,9,Policies,4,2,Health and Safety Policies,1,0,,0,1,"Health and safety policies include a plan and training program available in visual and tactile and/or audible format on safety, emergency preparedness, establishing a chain of command, and emergency evacuation of all building users, including people who need assistance.",Required,Wellness,Operations,1,2,1 Credit: Implement 5 of 15,,,,,,,,,,,,,,,,
495,407,9.2.2,H2,9,Policies,4,2,Health and Safety Policies,1,0,,0,2,Health and safety policies include procedures and equipment that address the needs of people with communication impairments during emergencies.,Required,UnderstandingWellness,OperationsSpecifications,1,2,1 Credit: Implement 5 of 15,,,,,,,,,,,,,,,,
496,414,9.2.3,H2,9,Policies,4,2,Health and Safety Policies,1,0,,0,3,Health and safety policies include emergency systems that automatically activate visual and verbal evacuation prompts and instructions.,,AwarenessUnderstandingWellness,OperationsSpecifications,1,2,1 Credit: Implement 5 of 15,,,,,,,,,,,,,,,,
497,401,9.2.4,H2,9,Policies,4,2,Health and Safety Policies,1,0,,0,4,Health and safety policies include ensuring every building has at least one accessible automated external defibrillator (AED) and directional signs identifying its location.,,Wellness,OperationsSpecificationsDesign Development,1,2,1 Credit: Implement 5 of 15,,,,,,,,,,,,,,,,
498,403,9.2.5,H2,9,Policies,4,2,Health and Safety Policies,1,0,,0,5,"Health and safety policies include a training program for certifying staff in emergency assistance, including AED use, with annual refresher courses.",,UnderstandingWellness,Operations,1,2,1 Credit: Implement 5 of 15,,,,,,,,,,,,,,,,
499,404,9.2.6,H2,9,Policies,4,2,Health and Safety Policies,1,0,,0,6,"Health and safety policies include conspicuous posting of local emergency telephone numbers unless number is uniform nationally (e.g., 9-1-1 or 9-9-9).",,AwarenessWellness,OperationsSpecifications,1,2,1 Credit: Implement 5 of 15,,,,,,,,,,,,,,,,
500,411,9.2.7,H2,9,Policies,4,2,Health and Safety Policies,1,0,,0,7,Health and safety policies include a public address system.,,AwarenessUnderstandingWellness,SpecificationsOperations,1,2,1 Credit: Implement 5 of 15,,,,,,,,,,,,,,,,
501,762,9.2.8,H2,9,Policies,4,2,Health and Safety Policies,1,0,,0,8,"Health and safety policies include a text message, email, and/or telephone emergency alert system.",,WellnessAwarenessUnderstanding,Operations,1,2,1 Credit: Implement 5 of 15,,,,,,,,,,,,,,,,
502,415,9.2.9,H2,9,Policies,4,2,Health and Safety Policies,1,0,,0,9,Health and safety policies include strategically placed two-way emergency communication devices.,,AwarenessWellnessUnderstanding,Design DevelopmentOperations,1,2,1 Credit: Implement 5 of 15,,,,,,,,,,,,,,,,
503,130,9.2.10,H2,9,Policies,4,2,Health and Safety Policies,1,0,,0,10,"Health and safety policies include security personnel and/or video surveillance system that covers strategic locations (e.g., stairways, transit shelters, etc.).",,Wellness,Operations,1,2,1 Credit: Implement 5 of 15,Fig_130.png,Security patrol on bicycle,Photograph of a male security patrol officer riding a bicycle.,Latest Version,,,,,,,,,,,,
504,930,9.2.11,H2,9,Policies,4,2,Health and Safety Policies,1,0,,0,11,Health and safety policies include instituting and designating food allergen-free environments.,,Wellness,Operations,1,2,1 Credit: Implement 5 of 15,,,,,,,,,,,,,,,,
505,626,9.2.12,H2,9,Policies,4,2,Health and Safety Policies,1,0,,0,12,Health and safety policies include a designated fragrance free zone.,,Wellness,Schematic DesignDesign DevelopmentOperations,1,2,1 Credit: Implement 5 of 15,,,,,,,,,,,,,,,,
506,718,9.2.13,H2,9,Policies,4,2,Health and Safety Policies,1,0,,0,13,"Health and safety policies include incentives for employees to participate in health and wellness programs (e.g., exercise, weight loss challenges, etc.).",,Wellness,Operations,1,2,1 Credit: Implement 5 of 15,,,,,,,,,,,,,,,,
507,726,9.2.14,H2,9,Policies,4,2,Health and Safety Policies,1,0,,0,14,"Health and safety policies include opportunities for employees to consult with mental health professionals (e.g., managing work-life balance,  stress management, etc.).",,Wellness,Operations,1,2,1 Credit: Implement 5 of 15,,,,,,,,,,,,,,,,
508,735,9.2.15,H2,9,Policies,4,2,Health and Safety Policies,1,0,,0,15,"Health and safety policies include opportunities for employees to join support groups (e.g., smoking cessation, weight loss, addiction, coping, family crisis, etc.). ",,Wellness,Operations,1,2,1 Credit: Implement 5 of 15,,,,,,,,,,,,,,,,
509,932,9.3.1,H2,9,Policies,4,3,Employment Policies,1,0,,0,1,Employment policies include various career pathways to senior-level positions.,,Personalization,Operations,1,3,1 Credit: Implement 3 of 5,,,,,,,,,,,,,,,,
510,719,9.3.2,H2,9,Policies,4,3,Employment Policies,1,0,,0,2,Employment policies include programs for professional and career development. ,,Social Integration,Operations,1,3,1 Credit: Implement 3 of 5,,,,,,,,,,,,,,,,
511,729,9.3.3,H2,9,Policies,4,3,Employment Policies,1,0,,0,3,Employment policies ensure all employees can participate in all work events and gatherings.,,Social IntegrationWellness,Operations,1,3,1 Credit: Implement 3 of 5,,,,,,,,,,,,,,,,
512,722,9.3.4,H2,9,Policies,4,3,Employment Policies,1,0,,0,4,"Employment policies include consulting, training, and regularly evaluating employee work spaces for comfort and ergonomics, and providing adaptive furniture and equipment when necessary. ",,WellnessPersonalization,Operations,1,3,1 Credit: Implement 3 of 5,,,,,,,,,,,,,,,,
513,383,9.3.5,H2,9,Policies,4,3,Employment Policies,1,0,,0,5,"Employment policies include incentives for alternative transportation users (e.g., bicycle, public transportation, ride sharing service).",,Wellness,Operations,1,3,1 Credit: Implement 3 of 5,,,,,,,,,,,,,,,,